"2018-12-06 03:48:50,b'Giat bapak Kapolda NTB di Sat Brimob Polda NTB sebagai narasumber pada latihan pemantapan nilai -nilai wawasan keba\xe2\x80\xa6 https://t.co/NsKHpAZAyK'";
"2018-12-06 03:48:08,""b'RT @mdariusdah: Selamat Pagi Pak @DivHumas_Polri ...\nTolong jangan berat sebelah jika bertindak...\nBerlakulah  yg Adil, maka Penduduk Indon\xe2\x80\xa6'""";
"2018-12-06 03:48:03,""b'RT @MusfarB: Alhamdulilah brkat bntuan Rekan2,bwa mrka br2 sdh plg krmh msing2,sy mngucapkan byk2 trimakasih kpda yg trlibat utk kplgn mrka\xe2\x80\xa6'""";
"2018-12-06 03:47:16,b'@Airin_NZ @DivHumas_Polri karena mereka takut ama kelompok mereka(zonk and the geng)'";
"2018-12-06 03:47:00,b'@maspiyuuu Pakde yg ada di @DivHumas_Polri baca noh! Ga malu apa orang salah di biarin kabur ? Org ga salah malah d\xe2\x80\xa6 https://t.co/WJfwv9hwdJ'";
"2018-12-06 03:46:29,b'Pembantaian Papua adalah Terorisme\n\n@jokowi @prabowo @BIN_Official @PolhukamRI @wiranto1947 @Kemhan_RI @ryamizard_r\xe2\x80\xa6 https://t.co/WD9p28tk9Z'";
"2018-12-06 03:45:34,b'RT @MahesaTiwi: Wah bani kampret makin kurang ajar ini melakukan penghinaan. Viralkan gaes biar pelakunya ketangkap! Cyduk pak ga pake lemo\xe2\x80\xa6'";
"2018-12-06 03:45:17,b'RT @alfrendoasis: Apa yang di maksud orang tsb? Kalo anda mau perang bilang aja. Astaga kibarkan bendera tauhid = perang ! Viralkan orang t\xe2\x80\xa6'";
"2018-12-06 03:44:01,""b'RT @Airin_NZ: Saya terkadang bingung dgn @DivHumas_Polri kenapa soal kasus Ahok begitu cepat..\n\nTapi soal kasus Ratna Sarumpaet, Buni Yani,\xe2\x80\xa6'""";
"2018-12-06 03:42:23,b'RT @DivHumas_Polri: Kapolda Jatim Hadiri Maulid Nabi Muhammad di Kodam V Brawijaya\n\n#PolriPromoter #PolriHumanis @PolriMultimedia https://t\xe2\x80\xa6'";
"2018-12-06 03:42:22,""b'RT @FaGtng: Ini Biadab !!!\nWajah pas - pasan , beraninya menghina, mengejek dan memfitnah Presiden RI.\n\nSaya mohon dengan 10 jari tersusun\xf0\x9f\x99\x8f\xe2\x80\xa6'""";
"2018-12-06 03:41:57,b'RT @NurSyahbana9: Kenapa Nahdhatul ulama terus menerus di fitnah? Supaya  NKRI rapuh dan hancur\n\nKarena Nahdhatul ulama adalah salah satu d\xe2\x80\xa6'";
"2018-12-06 03:40:48,""b'@haikal_hassan Dihina dan dicemooh dunia bernalar normal karena 212 membawa konotasi permusuhan, teror dan polituk\xe2\x80\xa6 https://t.co/etjrDN7AtH'""";
"2018-12-06 03:40:35,b'RT @alfrendoasis: Apa yang di maksud orang tsb? Kalo anda mau perang bilang aja. Astaga kibarkan bendera tauhid = perang ! Viralkan orang t\xe2\x80\xa6'";
"2018-12-06 03:37:35,b'RT @DivHumas_Polri: Pemuda Milenial Anti Hoax\n\nMari Kita Wujudkan Pileg dan Pilpres 2019 Aman Damai dan Sejuk\n\n#PolriPromoter #PolriHumanis\xe2\x80\xa6'";
"2018-12-06 03:36:18,b'RT @alfrendoasis: Apa yang di maksud orang tsb? Kalo anda mau perang bilang aja. Astaga kibarkan bendera tauhid = perang ! Viralkan orang t\xe2\x80\xa6'";
"2018-12-06 03:35:54,b'Ketua DPR @DPR_RI @bambangsoesatyo Minta TNI @Puspen_TNI dan Polri  @DivHumas_Polri Tumpas OPM Sampai Akar-Akarnya\xe2\x80\xa6 https://t.co/xvosKNJHIb'";
"2018-12-06 03:35:53,b'RT @alfrendoasis: Apa yang di maksud orang tsb? Kalo anda mau perang bilang aja. Astaga kibarkan bendera tauhid = perang ! Viralkan orang t\xe2\x80\xa6'";
"2018-12-06 03:34:56,b'RT @alfrendoasis: Apa yang di maksud orang tsb? Kalo anda mau perang bilang aja. Astaga kibarkan bendera tauhid = perang ! Viralkan orang t\xe2\x80\xa6'";
"2018-12-06 03:34:52,b'RT @alfrendoasis: Apa yang di maksud orang tsb? Kalo anda mau perang bilang aja. Astaga kibarkan bendera tauhid = perang ! Viralkan orang t\xe2\x80\xa6'";
"2018-12-06 03:34:32,b'RT @alfrendoasis: Apa yang di maksud orang tsb? Kalo anda mau perang bilang aja. Astaga kibarkan bendera tauhid = perang ! Viralkan orang t\xe2\x80\xa6'";
"2018-12-06 03:33:37,b'@kangopek @AndiArief__ mulai lah di panas panasi oleh anak buah @SBYudhoyono  @PartaiDemokrat supaya huru hura cc\xe2\x80\xa6 https://t.co/hHiUcL79kG'";
"2018-12-06 03:33:20,b'RT @alfrendoasis: Apa yang di maksud orang tsb? Kalo anda mau perang bilang aja. Astaga kibarkan bendera tauhid = perang ! Viralkan orang t\xe2\x80\xa6'";
"2018-12-06 03:32:31,""b'RT @ewinyarto: @luviku Min @DivHumas_Polri , Jangan sia siakan potensi anak bangsa  ini ....Pliiisss https://t.co/sEpTt3EJvC'""";
"2018-12-06 03:32:30,b'@pejuangind02 @CCICPolri @bareskrim2018 @DivHumas_Polri Hoax bukan nih? Mau retweet tapi ragu \xf0\x9f\x98\xac'";
"2018-12-06 03:31:19,b'RT @alfrendoasis: Apa yang di maksud orang tsb? Kalo anda mau perang bilang aja. Astaga kibarkan bendera tauhid = perang ! Viralkan orang t\xe2\x80\xa6'";
"2018-12-06 03:30:42,b'RT @alfrendoasis: Apa yang di maksud orang tsb? Kalo anda mau perang bilang aja. Astaga kibarkan bendera tauhid = perang ! Viralkan orang t\xe2\x80\xa6'";
"2018-12-06 03:30:06,b'RT @alfrendoasis: Apa yang di maksud orang tsb? Kalo anda mau perang bilang aja. Astaga kibarkan bendera tauhid = perang ! Viralkan orang t\xe2\x80\xa6'";
"2018-12-06 03:29:22,b'@ernestprakasa Semoga tidak ada oknum yang bersembunyi di lembaga-lembaga pemerintah yang berniat mengganti Dasar N\xe2\x80\xa6 https://t.co/edlkZt4u7D'";
"2018-12-06 03:29:19,b'RT @alfrendoasis: Apa yang di maksud orang tsb? Kalo anda mau perang bilang aja. Astaga kibarkan bendera tauhid = perang ! Viralkan orang t\xe2\x80\xa6'";
"2018-12-06 03:28:30,""b'@DivHumas_Polri @PolriMultimedia Di mulai dr diri kalian sendiri. Msh byk to trjd d jalan2 raya,saat ada pawai ato\xe2\x80\xa6 https://t.co/ygBvHlQMn9'""";
"2018-12-06 03:25:02,""b'RT @Airin_NZ: Saya terkadang bingung dgn @DivHumas_Polri kenapa soal kasus Ahok begitu cepat..\n\nTapi soal kasus Ratna Sarumpaet, Buni Yani,\xe2\x80\xa6'""";
"2018-12-06 03:24:43,b'@Engka_Kaoy @Airin_NZ @DivHumas_Polri Buni yani..msh bebas ya..kurang tau ini.\n@DivHumas_Polri'";
"2018-12-06 03:23:51,""b'@bund4rr @InIndia0nly @CrazyinINA Cc @humasrestaska @DivHumas_Polri polisi India kualitasnya seperti itu, ayo polri! #hanyaTwitKocak \xf0\x9f\x98\x82'""";
"2018-12-06 03:22:50,b'@KyaiMblebes @DivHumas_Polri @her_alone @ustadtengkuzul \nSantai saat pengamanan 212.\nAlhamdulilah tidak perlu berte\xe2\x80\xa6 https://t.co/ksvjzOAymH'";
"2018-12-06 03:21:43,b'RT @DivHumas_Polri: Pemuda Milenial Anti Hoax\n\nMari Kita Wujudkan Pileg dan Pilpres 2019 Aman Damai dan Sejuk\n\n#PolriPromoter #PolriHumanis\xe2\x80\xa6'";
"2018-12-06 03:19:41,b'Dipastikan ada WNI yg berkhianat thdp NKRI  @jokowi  hrs perintahkan polisi  @DivHumas_Polri  utk cari siapa mrk..? https://t.co/m9nX7jABZe'";
"2018-12-06 03:19:06,b'RT @DivHumas_Polri: Bukit Parang Endong merupakan Wisata Jogja yang menyuguhkan wisata sunset dari sebuah bukit yang lokasinya di sebelah t\xe2\x80\xa6'";
"2018-12-06 03:19:00,b'@AndiArief__ Memang kita akan diam bro @SBYudhoyono ada pemberontakan yg di motori dan di panas panasi oleh\xe2\x80\xa6 https://t.co/FbsZSwHsXM'";
"2018-12-06 03:17:43,b'@fransiscusario @ybudi55 @ezzyrehym @ARYA_DIM45_ @WahhabiCC @DivHumas_Polri Di alam gaib\xf0\x9f\x98\x82\xf0\x9f\x98\x82\xf0\x9f\x98\x82\xf0\x9f\x98\x82'";
"2018-12-06 03:17:40,b'RT @DivHumas_Polri: Mamberikan Edukasi Tertib Berlalu Lintas Kepada Masyarakat\n\n#PolriPromoter #PolriHumanis @PolriMultimedia https://t.co/\xe2\x80\xa6'";
"2018-12-06 03:17:36,b'Apa yang di maksud orang tsb? Kalo anda mau perang bilang aja. Astaga kibarkan bendera tauhid = perang ! Viralkan o\xe2\x80\xa6 https://t.co/dcWjxYcV62'";
"2018-12-06 03:17:35,b'RT @PolriMultimedia: Selamat Pagi Sobat Polri\n\n#PolriPromoter \n#PolriHumanis #ThinkBeforePosting @DivHumas_Polri https://t.co/p28w8tBSmm'";
"2018-12-06 03:17:31,b'RT @DivHumas_Polri: Polri : Reuni 212 Berjalan Kondusif\n\n#PolriPromoter #PolriHumanis @PolriMultimedia https://t.co/dxWUJk96g5'";
"2018-12-06 03:17:29,b'RT @PolriMultimedia: Jaga Rambu - Rambu Lalu Lintas Dijalan Yaa Sobat Polri\n\n-Keselamatan Untuk Kemanusiaan-\n\n#PolriPromoter \n#PolriHumanis\xe2\x80\xa6'";
"2018-12-06 03:17:27,b'RT @DivHumas_Polri: Bukit Parang Endong merupakan Wisata Jogja yang menyuguhkan wisata sunset dari sebuah bukit yang lokasinya di sebelah t\xe2\x80\xa6'";
"2018-12-06 03:17:16,b'RT @PolriMultimedia: Tanamkan Tertib Berlalu Lintas Sejak Usia Dini\n\n-Polisi Sahabat Anak-\n\n#PolriPromoter \n#PolriHumanis #ThinkBeforePosti\xe2\x80\xa6'";
"2018-12-06 03:17:12,b'RT @PolriMultimedia: Memberikan Literasi Kepada Generasi Bangsa\n\n-Polisi Sahabat Anak-\n\n#PolriPromoter \n#PolriHumanis #ThinkBeforePosting @\xe2\x80\xa6'";
"2018-12-06 03:17:06,b'RT @DivHumas_Polri: Patuhi Batas Kecepatan Berkendara\n\n#PolriPromoter #PolriHumanis @PolriMultimedia https://t.co/t3dWk9sHGd'";
"2018-12-06 03:17:04,b'RT @PolriMultimedia: Pakailah Helm Sampai Berbunyi Klik\n\n-Keselamatan Untuk Kemanusiaan-\n\n#PolriPromoter \n#PolriHumanis #ThinkBeforePosting\xe2\x80\xa6'";
"2018-12-06 03:16:56,b'RT @PolriMultimedia: Tanamkan Minat Membaca Sejak Usia Dini\n\n-Polisi Sahabat Anak-\n\n#PolriPromoter \n#PolriHumanis #ThinkBeforePosting @DivH\xe2\x80\xa6'";
"2018-12-06 03:16:54,b'RT @DivHumas_Polri: Kebersihan Sebagian Dari Iman\n\n#PolriPromoter #PolriHumanis @PolriMultimedia https://t.co/1Mc4CHzxDQ'";
"2018-12-06 03:16:50,b'RT @PolriMultimedia: Kami Peduli Dengan Masyarakat\n\n-Polri Promoter-\n\n#PolriPromoter \n#PolriHumanis #ThinkBeforePosting @DivHumas_Polri \n@H\xe2\x80\xa6'";
"2018-12-06 03:16:43,b'RT @PolriMultimedia: Kami Hadir Membantu Masyarakat\n\n-Polri Promoter-\n\n#PolriPromoter \n#PolriHumanis #ThinkBeforePosting @DivHumas_Polri ht\xe2\x80\xa6'";
"2018-12-06 03:16:28,b'@jokowi  @DivHumas_Polri @Puspen_TNI saatNYA untk satukan kekuatan atasi gangguan keamanan di seluruh wilayah NKRI.\xe2\x80\xa6 https://t.co/EO5NXilAmV'";
"2018-12-06 03:16:27,b'RT @PolriMultimedia: Perhatikan Keselamatan Saat Berpapasan\n\n#PolriPromoter \n#PolriHumanis #ThinkBeforePosting @DivHumas_Polri https://t.co\xe2\x80\xa6'";
"2018-12-06 03:16:24,""b'RT @DivHumas_Polri: Jangan mudah percaya berita/informasi yang belum jelas kebenarannya yaa Sobat Polri\xe2\x98\xba\xef\xb8\x8f\n\nBe Smart Netizen, biasakan SARIN\xe2\x80\xa6'""";
"2018-12-06 03:16:19,b'UP!!!\n\nTANGKAP ANTAR KE POLISI\n\nPENGHINA HRS INI\n@DivHumas_Polri \n@hilmi_fpi \n@PejuangFPI \n@LembagaF https://t.co/liAyYpg72g'";
"2018-12-06 03:16:02,b'RT @DivHumas_Polri: Pemuda Milenial Anti Hoax\n\nMari Kita Wujudkan Pileg dan Pilpres 2019 Aman Damai dan Sejuk\n\n#PolriPromoter #PolriHumanis\xe2\x80\xa6'";
"2018-12-06 03:15:59,b'RT @PolriMultimedia: Polisi Sahabat Anak\n\n#PolriPromoter \n#PolriHumanis #ThinkBeforePosting @DivHumas_Polri https://t.co/audbDoZbBN'";
"2018-12-06 03:15:32,b'RT @PolriMultimedia: Pakailah Helm Untuk Menjaga Kamu Saat Berkendara\n\n-Keselamatan Untuk Kemanusiaan-\n\n#PolriPromoter \n#PolriHumanis #Thin\xe2\x80\xa6'";
"2018-12-06 03:15:30,""b'waduh keduluan sama iphone nih, pak @DivHumas_Polri https://t.co/RC4Luv6wlv'""";
"2018-12-06 03:13:44,b'RT @DivHumas_Polri: Membantu Masyarakat Dengan Sepenuh Hati\n\n#PolriPromoter #PolriHumanis @PolriMultimedia https://t.co/oW2gOZCdN2'";
"2018-12-06 03:13:37,b'#2019GantiHaluanEkonomi \n#MenangkanPancasila\nAncaman Pasar Teknologi 4.0 Untuk Sektor Pertanian\xe2\x80\xa6 https://t.co/GV5EMtHWiJ'";
"2018-12-06 03:13:36,b'RT @PolriMultimedia: Kepala Divisi Humas Polri Beserta Staf Dan Bhayangkari Mengucapkan\nSelamat Ulang Tahun Kepada Ketua Umum Bhayangkari\n5\xe2\x80\xa6'";
"2018-12-06 03:10:11,""b'RT @ewinyarto: @luviku Min @DivHumas_Polri , Jangan sia siakan potensi anak bangsa  ini ....Pliiisss https://t.co/sEpTt3EJvC'""";
"2018-12-06 03:06:45,""b'RT @MusfarB: Mhn bntuan nya pk,@DivHumas_Polri @Puspen_TNI  @PolresMetro ank ini prgi tdk dketahau olh ortu nya,katanya dlm chat fb,mrka br\xe2\x80\xa6'""";
"2018-12-06 03:06:22,b'wah penistaan nih\xf0\x9f\x98\x82. @DivHumas_Polri @TMCPoldaMetro @poldametrojaya @poldametrojaya https://t.co/M4GBIKDvwM'";
"2018-12-06 03:06:07,""b'RT @AfifFuadS: NIh rekam jejekanya, sila disimak, kita mulai dari ini...\nBagaimana dia menghina Polisi @DivHumas_Polri \nsekarang dia berkel\xe2\x80\xa6'""";
"2018-12-06 03:05:12,""b'RT @DivHumas_Polri: Jangan mudah percaya berita/informasi yang belum jelas kebenarannya yaa Sobat Polri\xe2\x98\xba\xef\xb8\x8f\n\nBe Smart Netizen, biasakan SARIN\xe2\x80\xa6'""";
"2018-12-06 03:04:40,""b'RT @DivHumas_Polri: Jangan mudah percaya berita/informasi yang belum jelas kebenarannya yaa Sobat Polri\xe2\x98\xba\xef\xb8\x8f\n\nBe Smart Netizen, biasakan SARIN\xe2\x80\xa6'""";
"2018-12-06 03:04:19,""b'RT @DivHumas_Polri: Jangan mudah percaya berita/informasi yang belum jelas kebenarannya yaa Sobat Polri\xe2\x98\xba\xef\xb8\x8f\n\nBe Smart Netizen, biasakan SARIN\xe2\x80\xa6'""";
"2018-12-06 03:02:49,""b'RT @FFinsadendy: ini orang berulang kali, dan berulang kali minta maaf, lapor @DivHumas_Polri @BareskrimPolri @CCICPolri tolong tegakkan hu\xe2\x80\xa6'""";
"2018-12-06 03:02:46,""b'Saat evakuasi jenazah masih jg ditembaki,, apakah sampai disini kemampuan TNI dan densus 88 kita???  gimana mau per\xe2\x80\xa6 https://t.co/6wHIxn6mbq'""";
"2018-12-06 03:00:15,b'@EV220622 @cubby_ghum Miris @DivHumas_Polri'";
"2018-12-06 02:59:29,b'RT @ronavioleta: Masya Allah.... \n\n*Copas: Jam 3 minggu di pagi yg buta tiba2 datang sekelompok orang Buta yg berjalan berbaris mengikuti k\xe2\x80\xa6'";
"2018-12-06 02:57:06,b'RT @DivHumas_Polri: Pemuda Milenial Anti Hoax\n\nMari Kita Wujudkan Pileg dan Pilpres 2019 Aman Damai dan Sejuk\n\n#PolriPromoter #PolriHumanis\xe2\x80\xa6'";
"2018-12-06 02:56:49,b'Pemberangkatan Personel Satbrimob Polda Jatim BKO Polda Papua/Ops Amole III\n@DivHumas_Polri \n@HumasPoldaJatim\xe2\x80\xa6 https://t.co/AItlOycyaU'";
"2018-12-06 02:56:27,""b""""@Rohman04041179 Silakan @DivHumas_Polri @CCICPolri kalau perlu konfirmasi apa maksud dari kata 'BOOOMM' di cuitan i\xe2\x80\xa6 https://t.co/oIbNxh5bET""""""";
"2018-12-06 02:54:03,b'RT @RestyCayah: Dencus 88 pada kemana min @DivHumas_Polri ?\n\n https://t.co/1KRDSi18Is'";
"2018-12-06 02:51:08,""b'RT @ewinyarto: @luviku Min @DivHumas_Polri , Jangan sia siakan potensi anak bangsa  ini ....Pliiisss https://t.co/sEpTt3EJvC'""";
"2018-12-06 02:50:44,""b'RT @randuasri1704: @Umnia77 Warga negara saja yg Pencari cacing d tangkap karena masuk kawasan hutan lindung,WNA nambang d hutan lindung ko\xe2\x80\xa6'""";
"2018-12-06 02:50:10,b'@DivHumas_Polri @PolriMultimedia hanya tidak membawa STNK saja sdh di tilang dan denda rp.500000. sama saja pemeras\xe2\x80\xa6 https://t.co/qBmWD7pmus'";
"2018-12-06 02:49:48,""b'@inilahdotcom segeralah lakukan Penahanan,jgn ada toleransi tuk pelaku Provokasi Disintegrasi Bangsa @DivHumas_Polri  @jokowi'""";
"2018-12-06 02:48:43,""b'@Doni_Santun @GPAnsor_Satu @Os_alshuibi Kalo ga knp?? Polri mana ya, ketika ada warga yg mengancam seorang dubes, y\xe2\x80\xa6 https://t.co/ToG20yyUIY'""";
"2018-12-06 02:48:24,""b'AYO PAK POLISI SAYA DUKUNG CC @DivHumas_Polri . JANGAN KASIH KENDOR PADA PIHAK2 ABNORMAL DI NEGERI INI, ATAU MEREKA\xe2\x80\xa6 https://t.co/k7TPqUzYSt'""";
"2018-12-06 02:48:06,""b'RT @ewinyarto: @luviku Min @DivHumas_Polri , Jangan sia siakan potensi anak bangsa  ini ....Pliiisss https://t.co/sEpTt3EJvC'""";
"2018-12-06 02:47:09,b'RT @yan_tanuwidjaya: Inilah Prestasi Pelanggaran HAM @DivHumas_Polri Zaman Jokowi Yg Melarang HAK Azazi Manusia untuk Beribadah sesuai UU\xe2\x80\xa6'";
"2018-12-06 02:46:10,b'Ini akibat dipaksakan islami jadi kualat lidahnya mencong hulaihu\n\n@SatpamSosmed @narkosun @hnurwahid\xe2\x80\xa6 https://t.co/7Bma7Rx2Lp'";
"2018-12-06 02:43:36,""b'RT @humaspolsekup01: Kehadiran kami, untuk masyarakat,...\n\n#PolriPromoter\n#PolriHumanis\n#thinkbeforeposting\n@DivHumas_Polri \n@PolriMultimed\xe2\x80\xa6'""";
"2018-12-06 02:43:25,""b'RT @humaspolsekup01: Sampaikan aspirasi dengan tertib, dan tak ganggu ketertiban umum,...\n\n#PolriPromoter\n#PolriHumanis\n#BhabinkamtibmasPol\xe2\x80\xa6'""";
"2018-12-06 02:43:21,""b'RT @DarussalamJaya: Bukan karena kehadiran Prabowo, Salah satu alasan terjadinya 212 begitu hebat adalah DISKRIMINASI HUKUM thd UMAT ISLAM\xe2\x80\xa6'""";
"2018-12-06 02:43:20,""b'RT @humaspolsekup01: Silaturahmi, membuka pintu rezeki,...\n\n#PolriPromoter\n#PolriHumanis\n#BhabinkamtibmasPolri\n#thinkbeforeposting\n@DivHuma\xe2\x80\xa6'""";
"2018-12-06 02:43:14,""b'RT @humaspolsekup01: Bentuk perhatian yang paling mudah, adalah terus menjaga komunikasi,....\n\n#PolriPromoter\n#PolriHumanis\n#Bhabinkamtibma\xe2\x80\xa6'""";
"2018-12-06 02:43:09,""b'RT @humaspolsekup01: Sesibuk apapun kita, sempatkan dirilah untuk beribadah, sesuai dengan keyakinan kita masing\xe2\x80\x93masing,....\n\n#PolriPromote\xe2\x80\xa6'""";
"2018-12-06 02:42:56,""b'@VIVAcoid komentar di bawah ini sangat NKRI, respon TNI/POLRI sangat dibutuhkan untuk menambah pasukan"; manfaatkan\xe2\x80\xa6 https://t.co/XQUNgQKeBr'"
"2018-12-06 02:42:54,""b'RT @humaspolsekup01: Kemampuan untuk tertawa, merupakan anugerah yang sangat besar, yang Tuhan berikan kepada kita,....\n\n#PolriPromoter\n#Po\xe2\x80\xa6'""";
"2018-12-06 02:42:47,""b'RT @humaspolsekup01: Sahabat adalah orang yang sangat dekat dengan kita, terkadang lebih dekat daripada saudara sendiri,...\n\n#PolriPromoter\xe2\x80\xa6'""";
"2018-12-06 02:42:28,b'RT @RestyCayah: Dencus 88 pada kemana min @DivHumas_Polri ?\n\n https://t.co/1KRDSi18Is'";
"2018-12-06 02:42:11,""b'RT @humaspolsekup01: Tahukah anda ? Ternyata, menyimak itu tak hanya dengan telinga dan otak, melainkan dengan hati pula.\n\n#PolriPromoter\n#\xe2\x80\xa6'""";
"2018-12-06 02:40:14,b'RT @NurSyahbana9: Kenapa Nahdhatul ulama terus menerus di fitnah? Supaya  NKRI rapuh dan hancur\n\nKarena Nahdhatul ulama adalah salah satu d\xe2\x80\xa6'";
"2018-12-06 02:38:22,b'@FPI_212 @Pujanarto @kemkominfo @aduankonten @rudiantara_id @TwitterID @Twitter @DivHumas_Polri @CCICPolri Eh sekar\xe2\x80\xa6 https://t.co/AD0SudGFMZ'";
"2018-12-06 02:38:08,""b'RT @Airin_NZ: Panggilan ke 2 sudah diterima untuk menghadapi hari kamis besok, tidak datang segera jemput paksa pak @DivHumas_Polri'""";
"2018-12-06 02:38:07,""b'RT @DivHumas_Polri: Jangan mudah percaya berita/informasi yang belum jelas kebenarannya yaa Sobat Polri\xe2\x98\xba\xef\xb8\x8f\n\nBe Smart Netizen, biasakan SARIN\xe2\x80\xa6'""";
"2018-12-06 02:38:01,b'RT @DivHumas_Polri: Pemuda Milenial Anti Hoax\n\nMari Kita Wujudkan Pileg dan Pilpres 2019 Aman Damai dan Sejuk\n\n#PolriPromoter #PolriHumanis\xe2\x80\xa6'";
"2018-12-06 02:37:54,b'RT @DivHumas_Polri: Pemuda Milenial Anti Hoax\n\nMari Kita Wujudkan Pileg dan Pilpres 2019 Aman Damai dan Sejuk\n\n#PolriPromoter #PolriHumanis\xe2\x80\xa6'";
"2018-12-06 02:36:28,b'@makLambeTurah_ @marierteman @putrabanten80 Itu cm Kelompok Kriminal Bersenjata doank! Bukan Teroris koq? Paling cm\xe2\x80\xa6 https://t.co/LB0rbTvbkN'";
"2018-12-06 02:36:02,b'RT @NurSyahbana9: Kenapa Nahdhatul ulama terus menerus di fitnah? Supaya  NKRI rapuh dan hancur\n\nKarena Nahdhatul ulama adalah salah satu d\xe2\x80\xa6'";
"2018-12-06 02:35:54,b'Teroris opm tantang @Puspen_TNI @DivHumas_Polri berperang secara jantan\nhttps://t.co/11fH7Blk5O'";
"2018-12-06 02:35:51,b'RT @DivHumas_Polri: Patuhi Batas Kecepatan Berkendara\n\n#PolriPromoter #PolriHumanis @PolriMultimedia https://t.co/t3dWk9sHGd'";
"2018-12-06 02:35:31,b'RT @DivHumas_Polri: Bukit Parang Endong merupakan Wisata Jogja yang menyuguhkan wisata sunset dari sebuah bukit yang lokasinya di sebelah t\xe2\x80\xa6'";
"2018-12-06 02:35:18,b'RT @NurSyahbana9: Kenapa Nahdhatul ulama terus menerus di fitnah? Supaya  NKRI rapuh dan hancur\n\nKarena Nahdhatul ulama adalah salah satu d\xe2\x80\xa6'";
"2018-12-06 02:35:02,b'RT @NurSyahbana9: Kenapa Nahdhatul ulama terus menerus di fitnah? Supaya  NKRI rapuh dan hancur\n\nKarena Nahdhatul ulama adalah salah satu d\xe2\x80\xa6'";
"2018-12-06 02:32:24,""b'@kompascom Oo..cm Kelompok Kriminal Bersenjata sj y? Kirain Teroris?! Itu cm """"kenakalan remaja"""" gk usah dibesar2kan\xe2\x80\xa6 https://t.co/jxLbmTqwqW'""";
"2018-12-06 02:30:24,b'@PoldaJogja @DivHumas_Polri @humas_jogja LANJUTKAN demi ke utuhan NKRI'";
"2018-12-06 02:29:45,""b'RT @PoldaJogja: Sholawat &amp";" Doa Untuk Bangsa\nMangayubagya Peningkatan Tipologi Polda DIY\n.\nPolri Bersama Santri Menolak Intoleransi, Menjaga\xe2\x80\xa6'"""
"2018-12-06 02:28:51,""b'RT @Airin_NZ: Panggilan ke 2 sudah diterima untuk menghadapi hari kamis besok, tidak datang segera jemput paksa pak @DivHumas_Polri'""";
"2018-12-06 02:27:52,""b'@DivHumas_Polri @PolriMultimedia memberikan kebahagiaan. Sebaliknya, kotor tidak hanya merusak keindahan tetapi jug\xe2\x80\xa6 https://t.co/QehqYMm8Az'""";
"2018-12-06 02:27:36,b'@DivHumas_Polri @PolriMultimedia Kebersihan adalah upaya manusia untuk memelihara diri dan lingkungannya darisegala\xe2\x80\xa6 https://t.co/qMnalfA4tL'";
"2018-12-06 02:26:50,""b'RT @IrHMFaqih: Spanduk Provokatif\nTindak tegas pemasangnya,sebab disamping bermuatan Provokatif,juga telah melecehkan Presiden Jokowi\nCc. @\xe2\x80\xa6'""";
"2018-12-06 02:26:21,b'@HerbertusJokow1 @kompascom Woiii penistaan agama ini woii...\nCc @BareskrimPolri @DivHumas_Polri @aduankonten tangkap'";
"2018-12-06 02:25:22,b'@yusuf_dumdum @jimmy_atp @DivHumas_Polri @SBYudhoyono Mereka tidak sadar sebenarnya yg mereka datangi itu orang yg kerasukan setan'";
"2018-12-06 02:22:33,""b'RT @PolriMultimedia: Beda Suku, Beda Budaya, Tetap Satu, Bhinneka Tunggal Ika Melalui Bahasa Indonesia Mempersatukan Kita.\n\n#PolriPromoter\xe2\x80\xa6'""";
"2018-12-06 02:21:45,b'@DivHumas_Polri perpanjang sim paling cepat bisa satu tahun sebelum masa berlaku habis bpk/ibu?'";
"2018-12-06 02:21:23,""b'RT @ewinyarto: @luviku Min @DivHumas_Polri , Jangan sia siakan potensi anak bangsa  ini ....Pliiisss https://t.co/sEpTt3EJvC'""";
"2018-12-06 02:20:30,b'@wakadol2012 @asepapit @CCICPolri @DivHumas_Polri @pedjoeang_islam Ayo viralkan gaes.. Ben mumbul'";
"2018-12-06 02:18:46,b'RT @wakadol2012: cc:\n@CCICPolri\n@DivHumas_Polri\nbenarkah atau fitnah?\n@pedjoeang_islam jangan hapus tweetnya sebagai\nbukti tuduhan anda! ht\xe2\x80\xa6'";
"2018-12-06 02:17:43,b'RT @wakadol2012: cc:\n@CCICPolri\n@DivHumas_Polri\nbenarkah atau fitnah?\n@pedjoeang_islam jangan hapus tweetnya sebagai\nbukti tuduhan anda! ht\xe2\x80\xa6'";
"2018-12-06 02:17:08,""b'RT @Airin_NZ: Saya terkadang bingung dgn @DivHumas_Polri kenapa soal kasus Ahok begitu cepat..\n\nTapi soal kasus Ratna Sarumpaet, Buni Yani,\xe2\x80\xa6'""";
"2018-12-06 02:17:08,b'@RealForJKW @rmiryanti @rockygerung yg paling pinter @DivHumas_Polri .\n\nberhasil menangkap penipu RATU PENIPU . https://t.co/rk0hvF7P3Q'";
"2018-12-06 02:14:24,""b'RT @ewinyarto: @luviku Min @DivHumas_Polri , Jangan sia siakan potensi anak bangsa  ini ....Pliiisss https://t.co/sEpTt3EJvC'""";
"2018-12-06 02:13:43,b'RT @MahesaTiwi: Wah bani kampret makin kurang ajar ini melakukan penghinaan. Viralkan gaes biar pelakunya ketangkap! Cyduk pak ga pake lemo\xe2\x80\xa6'";
"2018-12-06 02:13:34,b'RT @DivHumas_Polri: Kebersihan Sebagian Dari Iman\n\n#PolriPromoter #PolriHumanis @PolriMultimedia https://t.co/1Mc4CHzxDQ'";
"2018-12-06 02:13:12,""b'RT @pedjoeang_islam: Mubahalah Buni Yani. Tolong sebarkan seluas-luasnya kepada seluruh rakyat Indonesia agar sampe kepada para buzzer, pol\xe2\x80\xa6'""";
"2018-12-06 02:12:17,""b'RT @DivHumas_Polri: Jangan mudah percaya berita/informasi yang belum jelas kebenarannya yaa Sobat Polri\xe2\x98\xba\xef\xb8\x8f\n\nBe Smart Netizen, biasakan SARIN\xe2\x80\xa6'""";
"2018-12-06 02:12:12,b'RT @Ernijasin: Pak Kapolri Tito Karnavian mohon POLISI PEMBERANI ini diberi Apresiasi setinggi2nya atas keberaniannya Membela NKRI...\n\n#NKR\xe2\x80\xa6'";
"2018-12-06 02:12:04,""b'@luviku Min @DivHumas_Polri , Jangan sia siakan potensi anak bangsa  ini ....Pliiisss https://t.co/sEpTt3EJvC'""";
"2018-12-06 02:11:23,b'@Gerindra @MarikaRahman_ @jokowi @ronavioleta @AkunTofa @DivHumas_Polri Ini fic full nya https://t.co/w2340HmecJ'";
"2018-12-06 02:10:44,b'RT @DivHumas_Polri: Pemuda Milenial Anti Hoax\n\nMari Kita Wujudkan Pileg dan Pilpres 2019 Aman Damai dan Sejuk\n\n#PolriPromoter #PolriHumanis\xe2\x80\xa6'";
"2018-12-06 02:10:00,""b'RT @DivHumas_Polri: Kepala Divisi Humas Polri beserta Staf dan Bhayangkari mengucapkan Selamat Ulang Tahun kepada Ketua Umum Bhayangkari, N\xe2\x80\xa6'""";
"2018-12-06 02:09:57,""b'RT @Airin_NZ: Saya terkadang bingung dgn @DivHumas_Polri kenapa soal kasus Ahok begitu cepat..\n\nTapi soal kasus Ratna Sarumpaet, Buni Yani,\xe2\x80\xa6'""";
"2018-12-06 02:09:17,""b'RT @syi__fa: Twitter, Please do your Magic\n\nMotor bapaknya temen saya dibawa kabur orang yang pura-pura mau lamar kerjaan di Usahanya bapak\xe2\x80\xa6'""";
"2018-12-06 02:09:10,b'@Gerindra @MarikaRahman_ @jokowi Bro @Gerindra tlg penyebar hoax si @MarikaRahman_ segera diproses secara hukum. \nB\xe2\x80\xa6 https://t.co/tVCu5AbRmG'";
"2018-12-06 02:08:49,b'@ybudi55 @ezzyrehym @Kehidup10048825 @ARYA_DIM45_ @WahhabiCC @DivHumas_Polri dia emang udah diskusi sama kapolseknya bang ..di alam mimpi \xf0\x9f\x98\x85'";
"2018-12-06 02:07:41,b'RT @DivHumas_Polri: Kapolres Puncak Jaya: Berita Penyerangan 7 Anggota TNI di Tingginambut adalah HOAX\n\n#PolriPromoter #PolriHumanis @Polri\xe2\x80\xa6'";
"2018-12-06 02:05:35,b'RT @ronavioleta: Ya Allah... Merinding lihat video ini. Ikutan nyanyi sambil nangis. Radikal banget \n#Ruh212\n#ReuniAkbar212 \nCc\n@GeneralMoe\xe2\x80\xa6'";
"2018-12-06 02:05:30,""b'RT @syi__fa: Twitter, Please do your Magic\n\nMotor bapaknya temen saya dibawa kabur orang yang pura-pura mau lamar kerjaan di Usahanya bapak\xe2\x80\xa6'""";
"2018-12-06 02:05:14,b'RT @DivHumas_Polri: Pemuda Milenial Anti Hoax\n\nMari Kita Wujudkan Pileg dan Pilpres 2019 Aman Damai dan Sejuk\n\n#PolriPromoter #PolriHumanis\xe2\x80\xa6'";
"2018-12-06 02:03:59,b'RT @MahesaTiwi: Wah bani kampret makin kurang ajar ini melakukan penghinaan. Viralkan gaes biar pelakunya ketangkap! Cyduk pak ga pake lemo\xe2\x80\xa6'";
"2018-12-06 02:01:59,b'Harus segera dituntaskan @DivHumas_Polri @Kemendagri_RI @PolhukamRI CC @KSPgoid @jokowi https://t.co/9ygeGVwMB4'";
"2018-12-06 02:01:51,b'RT @N4kuLa_04: Gambar A sudah kabur...\nGambar B Mau kabur...\n\nJangan sampai kabur @DivHumas_Polri penuhi keinginan nya yang ingin membusuk\xe2\x80\xa6'";
"2018-12-06 01:59:21,b'RT @ybudi55: @ezzyrehym @Kehidup10048825 @ARYA_DIM45_ @WahhabiCC @DivHumas_Polri Lha iya kapolsek mana coba sebutin nama dan daerahnya.. ti\xe2\x80\xa6'";
"2018-12-06 01:58:13,""b'@DivHumas_Polri @PolriMultimedia Ada darah para pejuang demi terwujudnya persatuan, kita berbeda2 bkn utk saling me\xe2\x80\xa6 https://t.co/KJjpLrUxmv'""";
"2018-12-06 01:57:43,""b'RT @Pujanarto: @diponegros @FPI_212 @kemkominfo @aduankonten @rudiantara_id @TwitterID @Twitter @DivHumas_Polri @CCICPolri Huahuahuahua, ka\xe2\x80\xa6'""";
"2018-12-06 01:57:27,b'RT @NurSyahbana9: Kenapa Nahdhatul ulama terus menerus di fitnah? Supaya  NKRI rapuh dan hancur\n\nKarena Nahdhatul ulama adalah salah satu d\xe2\x80\xa6'";
"2018-12-06 01:57:17,b'RT @DivHumas_Polri: Bukit Parang Endong merupakan Wisata Jogja yang menyuguhkan wisata sunset dari sebuah bukit yang lokasinya di sebelah t\xe2\x80\xa6'";
"2018-12-06 01:57:07,""b'RT @MusfarB: Alhamdulilah brkat bntuan Rekan2,bwa mrka br2 sdh plg krmh msing2,sy mngucapkan byk2 trimakasih kpda yg trlibat utk kplgn mrka\xe2\x80\xa6'""";
"2018-12-06 01:56:15,b'@Fadil38579039 @Fahrihamzah @DivHumas_Polri @rockygerung Kalo cerdas kyk junjunganmu itu gak bakal kena tipu nenek2 tong \xf0\x9f\x98\x9d\xf0\x9f\x98\x9d\xf0\x9f\x98\x9d\xf0\x9f\x98\x9d'";
"2018-12-06 01:55:46,b'RT @MahesaTiwi: Wah bani kampret makin kurang ajar ini melakukan penghinaan. Viralkan gaes biar pelakunya ketangkap! Cyduk pak ga pake lemo\xe2\x80\xa6'";
"2018-12-06 01:55:40,""b'@Fadil38579039 @Fahrihamzah @DivHumas_Polri @rockygerung Hanya warga turki yg merasa dibohongi, la kalo hidupmu sus\xe2\x80\xa6 https://t.co/kALkpOWOza'""";
"2018-12-06 01:55:31,b'Kita dukung dan doakan @tni_ad @_TNIAU @_TNIAL_ @DivHumas_Polri dlm mengejar dan memberantas KKSB Papua. Semoga seg\xe2\x80\xa6 https://t.co/BS7CvlHbcq'";
"2018-12-06 01:54:19,b'@FPI_212 Mohon ditindak lanjuti akun @Pujanarto ini sangat melecehkan ulama dan umat islam.\n\n@kemkominfo\xe2\x80\xa6 https://t.co/xJVOzPewF7'";
"2018-12-06 01:53:53,b'@heyex_ @geaw_ntengbeut @mrtynsyh @tasungsang_ @DivHumas_Polri Waton tohh le ngetagg'";
"2018-12-06 01:52:57,b'RT @ybudi55: @ezzyrehym @Kehidup10048825 @ARYA_DIM45_ @WahhabiCC @DivHumas_Polri Lha iya kapolsek mana coba sebutin nama dan daerahnya.. ti\xe2\x80\xa6'";
"2018-12-06 01:52:53,""b'@DivHumas_Polri @PolriMultimedia Jadi yg bubar-2in pengajian, memperkusi para ulama dgn tuduhan radikal,  ekstrem,\xe2\x80\xa6 https://t.co/4Pxf1haT3r'""";
"2018-12-06 01:52:25,b'RT @wakadol2012: cc:\n@CCICPolri\n@DivHumas_Polri\nbenarkah atau fitnah?\n@pedjoeang_islam jangan hapus tweetnya sebagai\nbukti tuduhan anda! ht\xe2\x80\xa6'";
"2018-12-06 01:52:17,b'@DivHumas_Polri @PolriMultimedia Mobil SIM keliling bagusnya nggak pakai sirine. Buat apa?\nPagi ini di jl Daan Mogo\xe2\x80\xa6 https://t.co/bVbHwVPmC0'";
"2018-12-06 01:51:40,b'@FPI_212 @DivHumas_Polri Bila di hadiri separo dari reuni mungkin di kamera maupun video akan terlihat putih kecokl\xe2\x80\xa6 https://t.co/x7IHPZwCht'";
"2018-12-06 01:51:34,""b'RT @pejuangind02: Mobil habib bahar bin Smith=\nhttps://t.co/s2asM2mu2l\n1)maserati putih &amp";
"2018-12-06 01:50:47,b'RT @ybudi55: @ezzyrehym @Kehidup10048825 @ARYA_DIM45_ @WahhabiCC @DivHumas_Polri Lha iya kapolsek mana coba sebutin nama dan daerahnya.. ti\xe2\x80\xa6'";
"2018-12-06 01:50:33,""b'RT @DivHumas_Polri: Jangan mudah percaya berita/informasi yang belum jelas kebenarannya yaa Sobat Polri\xe2\x98\xba\xef\xb8\x8f\n\nBe Smart Netizen, biasakan SARIN\xe2\x80\xa6'""";" mercedes e-class,yg diduga pkai plat Palsu,keduan\xe2\x80\xa6'"""
"2018-12-05 14:42:32,""b'RT @Abu_almumtaz: Bang @Ndon08Back ini ada trafficking anak2 dibawah umur nih, tolong bantu RT yah...trims bang..\n--\nMonggo dicek sumber pe\xe2\x80\xa6'""";
"2018-12-05 14:41:37,b'RT @ronavioleta: Masya Allah.... \n\n*Copas: Jam 3 minggu di pagi yg buta tiba2 datang sekelompok orang Buta yg berjalan berbaris mengikuti k\xe2\x80\xa6'";
"2018-12-05 14:41:27,""b'RT @syi__fa: Twitter, Please do your Magic\n\nMotor bapaknya temen saya dibawa kabur orang yang pura-pura mau lamar kerjaan di Usahanya bapak\xe2\x80\xa6'""";
"2018-12-05 14:40:45,b'@DivHumas_Polri \n@Puspen_TNI \n@_TNIAU \n@tni_ad   gimana tuh Pak. ? \nApa @nu_online  BANSER nya yang sanggup? https://t.co/XBuxc6l9mg'";
"2018-12-05 14:39:58,b'RT @NurSyahbana9: Kenapa Nahdhatul ulama terus menerus di fitnah? Supaya  NKRI rapuh dan hancur\n\nKarena Nahdhatul ulama adalah salah satu d\xe2\x80\xa6'";
"2018-12-05 14:39:35,""b'RT @AfifFuadS: Abis ngatain Polisi @DivHumas_Polri minta maaf, kali ini diulangi lagi, ngatain NU, hmmm tar minta maaf lagi, mon maap Soni.\xe2\x80\xa6'""";
"2018-12-05 14:39:25,""b'RT @syi__fa: Twitter, Please do your Magic\n\nMotor bapaknya temen saya dibawa kabur orang yang pura-pura mau lamar kerjaan di Usahanya bapak\xe2\x80\xa6'""";
"2018-12-05 14:39:07,b'RT @MahesaTiwi: Wah bani kampret makin kurang ajar ini melakukan penghinaan. Viralkan gaes biar pelakunya ketangkap! Cyduk pak ga pake lemo\xe2\x80\xa6'";
"2018-12-05 14:38:40,""b'RT @AfifFuadS: NIh rekam jejekanya, sila disimak, kita mulai dari ini...\nBagaimana dia menghina Polisi @DivHumas_Polri \nsekarang dia berkel\xe2\x80\xa6'""";
"2018-12-05 14:38:23,""b'@imbangimedia @FirdaSyeban @MbahUyok @MarikaRahman_ @Gerindra @jokowi @DivHumas_Polri Gak Keren, yang katanya bersikap #Netral ... juih'""";
"2018-12-05 14:38:22,b'Wah bani kampret makin kurang ajar ini melakukan penghinaan. Viralkan gaes biar pelakunya ketangkap! Cyduk pak ga p\xe2\x80\xa6 https://t.co/VUk1FiCvxH'";
"2018-12-05 14:38:21,b'RT @MerahSorban: Apakah POLRI @DivHumas_Polri dan pengadilan kita mampu menegakkan hukum dengan seadil-adilnya tanpa pandang dari kubu peta\xe2\x80\xa6'";
"2018-12-05 14:37:25,""b'RT @DivHumas_Polri: Berikut Nama 12 Warga Sipil yang Dievakuasi Tim Gabungan TNI-Polri di Nduga, Papua\xe2\xac\x87\xef\xb8\x8f\n\n#PolriPromoter #PolriHumanis @Pol\xe2\x80\xa6'""";
"2018-12-05 14:36:44,""b'RT @syi__fa: Twitter, Please do your Magic\n\nMotor bapaknya temen saya dibawa kabur orang yang pura-pura mau lamar kerjaan di Usahanya bapak\xe2\x80\xa6'""";
"2018-12-05 14:36:00,""b'RT @MusfarB: Alhamdulilah brkat bntuan Rekan2,bwa mrka br2 sdh plg krmh msing2,sy mngucapkan byk2 trimakasih kpda yg trlibat utk kplgn mrka\xe2\x80\xa6'""";
"2018-12-05 14:35:36,b'@AminMualim @FirdaSyeban @MbahUyok @MarikaRahman_ @Gerindra @jokowi @DivHumas_Polri Gak bakal ditindaklanjuti bro. Percuma!'";
"2018-12-05 14:35:23,b'RT @ronavioleta: Masya Allah.... \n\n*Copas: Jam 3 minggu di pagi yg buta tiba2 datang sekelompok orang Buta yg berjalan berbaris mengikuti k\xe2\x80\xa6'";
"2018-12-05 14:35:02,""b'RT @MusfarB: Mhn bntuan nya pk,@DivHumas_Polri @Puspen_TNI  @PolresMetro ank ini prgi tdk dketahau olh ortu nya,katanya dlm chat fb,mrka br\xe2\x80\xa6'""";
"2018-12-05 14:34:29,""b'RT @FaGtng: Ini Biadab !!!\nWajah pas - pasan , beraninya menghina, mengejek dan memfitnah Presiden RI.\n\nSaya mohon dengan 10 jari tersusun\xf0\x9f\x99\x8f\xe2\x80\xa6'""";
"2018-12-05 14:33:53,b'@FirdaSyeban @imbangimedia @MbahUyok @MarikaRahman_ @Gerindra @jokowi Ni udah masuk UU ITE niih... Laporkan!\ncc @DivHumas_Polri'";
"2018-12-05 14:33:19,""b'RT @PoldaJogja: Berikut Nama 12 Warga Sipil yang Dievakuasi  Tim Gabungan TNI-POLRI di Nduga, Papua: Selfianus Malli, Siman, Yulius Sarwom,\xe2\x80\xa6'""";
"2018-12-05 14:32:19,""b'RT @syi__fa: Twitter, Please do your Magic\n\nMotor bapaknya temen saya dibawa kabur orang yang pura-pura mau lamar kerjaan di Usahanya bapak\xe2\x80\xa6'""";
"2018-12-05 14:32:01,""b'RT @syi__fa: Twitter, Please do your Magic\n\nMotor bapaknya temen saya dibawa kabur orang yang pura-pura mau lamar kerjaan di Usahanya bapak\xe2\x80\xa6'""";
"2018-12-05 14:30:41,b'BukiTTinggi\nRanah Bundokandung\nThe Realm of Matriarchal Thinkers\nPro @jokowi @Dr_Moeldoko\n@Menlu_RI @Kemlu_RI\xe2\x80\xa6 https://t.co/jzV5zTCfED'";
"2018-12-05 14:30:17,""b'RT @Airin_NZ: Saya terkadang bingung dgn @DivHumas_Polri kenapa soal kasus Ahok begitu cepat..\n\nTapi soal kasus Ratna Sarumpaet, Buni Yani,\xe2\x80\xa6'""";
"2018-12-05 14:29:53,""b'RT @FaGtng: Ini Biadab !!!\nWajah pas - pasan , beraninya menghina, mengejek dan memfitnah Presiden RI.\n\nSaya mohon dengan 10 jari tersusun\xf0\x9f\x99\x8f\xe2\x80\xa6'""";
"2018-12-05 14:29:26,""b'RT @IrHMFaqih: Spanduk Provokatif\nTindak tegas pemasangnya,sebab disamping bermuatan Provokatif,juga telah melecehkan Presiden Jokowi\nCc. @\xe2\x80\xa6'""";
"2018-12-05 14:27:59,""b'RT @syi__fa: Twitter, Please do your Magic\n\nMotor bapaknya temen saya dibawa kabur orang yang pura-pura mau lamar kerjaan di Usahanya bapak\xe2\x80\xa6'""";
"2018-12-05 14:27:48,b'RT @ronavioleta: Masya Allah.... \n\n*Copas: Jam 3 minggu di pagi yg buta tiba2 datang sekelompok orang Buta yg berjalan berbaris mengikuti k\xe2\x80\xa6'";
"2018-12-05 14:27:00,""b'Berikut Nama 12 Warga Sipil yang Dievakuasi  Tim Gabungan TNI-POLRI di Nduga, Papua: Selfianus Malli, Siman, Yulius\xe2\x80\xa6 https://t.co/ic5yvsL5Ek'""";
"2018-12-05 14:26:54,b'RT @sirajapadoha: Kpn nihh pak polisi @DivHumas_Polri org yg teriak2 seenak jidatnya menghina pak presiden @jokowi https://t.co/55MzB63eNM'";
"2018-12-05 14:26:34,b'Kapolres Puncak Jaya : Berita Penyerangan 7 Anggota TNI di Tingginambut adalah HOAX\n.\n.\n@DivHumas_Polri https://t.co/fXzs56LJmM'";
"2018-12-05 14:26:24,b'RT @ronavioleta: Masya Allah.... \n\n*Copas: Jam 3 minggu di pagi yg buta tiba2 datang sekelompok orang Buta yg berjalan berbaris mengikuti k\xe2\x80\xa6'";
"2018-12-05 14:26:00,b'Kini ketiga korban yang mengalami luka tembak mendapatkan perawatan dari tim medis. Sedangkan sembilan warga lainny\xe2\x80\xa6 https://t.co/m6ntAem49k'";
"2018-12-05 14:26:00,""b'RT @syi__fa: Twitter, Please do your Magic\n\nMotor bapaknya temen saya dibawa kabur orang yang pura-pura mau lamar kerjaan di Usahanya bapak\xe2\x80\xa6'""";
"2018-12-05 14:24:41,""b'RT @syi__fa: Twitter, Please do your Magic\n\nMotor bapaknya temen saya dibawa kabur orang yang pura-pura mau lamar kerjaan di Usahanya bapak\xe2\x80\xa6'""";
"2018-12-05 14:23:36,b'RT @ronavioleta: Ya Allah... Merinding lihat video ini. Ikutan nyanyi sambil nangis. Radikal banget \n#Ruh212\n#ReuniAkbar212 \nCc\n@GeneralMoe\xe2\x80\xa6'";
"2018-12-05 14:23:16,""b'RT @FaGtng: Ini Biadab !!!\nWajah pas - pasan , beraninya menghina, mengejek dan memfitnah Presiden RI.\n\nSaya mohon dengan 10 jari tersusun\xf0\x9f\x99\x8f\xe2\x80\xa6'""";
"2018-12-05 14:22:53,""b'RT @FaGtng: Ini Biadab !!!\nWajah pas - pasan , beraninya menghina, mengejek dan memfitnah Presiden RI.\n\nSaya mohon dengan 10 jari tersusun\xf0\x9f\x99\x8f\xe2\x80\xa6'""";
"2018-12-05 14:22:24,""b'RT @syi__fa: Twitter, Please do your Magic\n\nMotor bapaknya temen saya dibawa kabur orang yang pura-pura mau lamar kerjaan di Usahanya bapak\xe2\x80\xa6'""";
"2018-12-05 14:22:21,""b'RT @IrHMFaqih: Spanduk Provokatif\nTindak tegas pemasangnya,sebab disamping bermuatan Provokatif,juga telah melecehkan Presiden Jokowi\nCc. @\xe2\x80\xa6'""";
"2018-12-05 14:22:12,""b'RT @AfifFuadS: Abis ngatain Polisi @DivHumas_Polri minta maaf, kali ini diulangi lagi, ngatain NU, hmmm tar minta maaf lagi, mon maap Soni.\xe2\x80\xa6'""";
"2018-12-05 14:22:02,""b'RT @MusfarB: Alhamdulilah brkat bntuan Rekan2,bwa mrka br2 sdh plg krmh msing2,sy mngucapkan byk2 trimakasih kpda yg trlibat utk kplgn mrka\xe2\x80\xa6'""";
"2018-12-05 14:21:59,""b'RT @syi__fa: Twitter, Please do your Magic\n\nMotor bapaknya temen saya dibawa kabur orang yang pura-pura mau lamar kerjaan di Usahanya bapak\xe2\x80\xa6'""";
"2018-12-05 14:21:37,""b'RT @AfifFuadS: NIh rekam jejekanya, sila disimak, kita mulai dari ini...\nBagaimana dia menghina Polisi @DivHumas_Polri \nsekarang dia berkel\xe2\x80\xa6'""";
"2018-12-05 14:20:35,b'RT @MahesaTiwi: Wah bani kampret makin kurang ajar ini melakukan penghinaan. Viralkan gaes biar pelakunya ketangkap! Cyduk pak ga pake lemo\xe2\x80\xa6'";
"2018-12-05 14:20:24,""b'RT @syi__fa: Twitter, Please do your Magic\n\nMotor bapaknya temen saya dibawa kabur orang yang pura-pura mau lamar kerjaan di Usahanya bapak\xe2\x80\xa6'""";
"2018-12-05 14:20:13,""b'RT @Airin_NZ: Saya terkadang bingung dgn @DivHumas_Polri kenapa soal kasus Ahok begitu cepat..\n\nTapi soal kasus Ratna Sarumpaet, Buni Yani,\xe2\x80\xa6'""";
"2018-12-05 14:19:41,b'RT @NurSyahbana9: Kenapa Nahdhatul ulama terus menerus di fitnah? Supaya  NKRI rapuh dan hancur\n\nKarena Nahdhatul ulama adalah salah satu d\xe2\x80\xa6'";
"2018-12-05 14:19:15,""b'RT @AfifFuadS: NIh rekam jejekanya, sila disimak, kita mulai dari ini...\nBagaimana dia menghina Polisi @DivHumas_Polri \nsekarang dia berkel\xe2\x80\xa6'""";
"2018-12-05 14:18:05,b'RT @DivHumas_Polri: Pasukan Gabungan TNI-Polri Evakuasi 12 Warga Sipil di Nduga Papua\n\n#PolriPromoter #PolriHumanis @PolriMultimedia https:\xe2\x80\xa6'";
"2018-12-05 14:16:28,""b'RT @AfifFuadS: Abis ngatain Polisi @DivHumas_Polri minta maaf, kali ini diulangi lagi, ngatain NU, hmmm tar minta maaf lagi, mon maap Soni.\xe2\x80\xa6'""";
"2018-12-05 14:15:18,b'RT @PolriMultimedia: Kapolda Kalbar Hadiri Syukuran HUT Polairud Ke-68\n\n#PolriPromoter \n#PolriHumanis #ThinkBeforePosting @DivHumas_Polri\xe2\x80\xa6'";
"2018-12-05 14:13:24,b'@DivHumas_Polri ada vendera HTI pak polisi https://t.co/fsFsPogoOM'";
"2018-12-05 14:12:36,""b'@Airin_NZ @DivHumas_Polri Itu nama\xe2\x80\x99nya STRATEGY ! Klo Menurut saya, sengaja begitu &amp";
"2018-12-05 14:11:50,""b'RT @syi__fa: Twitter, Please do your Magic\n\nMotor bapaknya temen saya dibawa kabur orang yang pura-pura mau lamar kerjaan di Usahanya bapak\xe2\x80\xa6'""";
"2018-12-05 14:11:33,""b'RT @AfifFuadS: Abis ngatain Polisi @DivHumas_Polri minta maaf, kali ini diulangi lagi, ngatain NU, hmmm tar minta maaf lagi, mon maap Soni.\xe2\x80\xa6'"""; tunggu Waktu yg tepat'"
"2018-12-05 14:11:17,""b'RT @IrHMFaqih: Spanduk Provokatif\nTindak tegas pemasangnya,sebab disamping bermuatan Provokatif,juga telah melecehkan Presiden Jokowi\nCc. @\xe2\x80\xa6'""";
"2018-12-05 14:08:43,""b'@ybudi55 @ARYA_DIM45_ @ezzyrehym @WahhabiCC @DivHumas_Polri Iya gt klo otaknya kebalik, jd kammmmmfrrrreeeeeet\xf0\x9f\x98\x82\xf0\x9f\x98\x82\xf0\x9f\x98\x82\xf0\x9f\x98\x82\xf0\x9f\x98\x82\xf0\x9f\x98\x82\xf0\x9f\x98\x82\xf0\x9f\x98\x82'""";
"2018-12-05 14:08:06,""b'@ybudi55 @ARYA_DIM45_ @ezzyrehym @WahhabiCC @DivHumas_Polri Iya mana brani dia sebutkan bro, cuman hoax\xf0\x9f\x98\x82\xf0\x9f\x98\x82\xf0\x9f\x98\x82'""";
"2018-12-05 14:07:28,b'RT @ronavioleta: Masya Allah.... \n\n*Copas: Jam 3 minggu di pagi yg buta tiba2 datang sekelompok orang Buta yg berjalan berbaris mengikuti k\xe2\x80\xa6'";
"2018-12-05 14:06:22,b'Tegakkan hukum kepada industri pencemar.\n\n@CCICPolri @DivHumas_Polri @tribratanews https://t.co/UbBsKS6xlq'";
"2018-12-05 14:05:56,b'RT @ybudi55: @ezzyrehym @WahhabiCC Maaf.. kapolsek mana ya? tolong sebutkan namanya juga!!.. cc @DivHumas_Polri'";
"2018-12-05 14:05:50,b'Berikut merupakan 5 tips aman berkendara saat hujan. via @DivHumas_Polri #ElshintaEdisiMalam  https://t.co/b0lOjwusY3'";
"2018-12-05 14:05:47,""b'RT @DivHumas_Polri: Berikut Nama 12 Warga Sipil yang Dievakuasi Tim Gabungan TNI-Polri di Nduga, Papua\xe2\xac\x87\xef\xb8\x8f\n\n#PolriPromoter #PolriHumanis @Pol\xe2\x80\xa6'""";
"2018-12-05 14:05:47,b'RT @ronavioleta: Masya Allah.... \n\n*Copas: Jam 3 minggu di pagi yg buta tiba2 datang sekelompok orang Buta yg berjalan berbaris mengikuti k\xe2\x80\xa6'";
"2018-12-05 14:05:47,""b'RT @syi__fa: Twitter, Please do your Magic\n\nMotor bapaknya temen saya dibawa kabur orang yang pura-pura mau lamar kerjaan di Usahanya bapak\xe2\x80\xa6'""";
"2018-12-05 14:03:49,b'Cc  @DivHumas_Polri  \nTolong dong akun semacan ini d tertibkan https://t.co/Nfe8w3UCjT'";
"2018-12-05 14:03:42,""b'RT @FaGtng: Ini Biadab !!!\nWajah pas - pasan , beraninya menghina, mengejek dan memfitnah Presiden RI.\n\nSaya mohon dengan 10 jari tersusun\xf0\x9f\x99\x8f\xe2\x80\xa6'""";
"2018-12-05 14:02:59,b'RT @MahesaTiwi: Wah bani kampret makin kurang ajar ini melakukan penghinaan. Viralkan gaes biar pelakunya ketangkap! Cyduk pak ga pake lemo\xe2\x80\xa6'";
"2018-12-05 14:02:41,""b'RT @AfifFuadS: Abis ngatain Polisi @DivHumas_Polri minta maaf, kali ini diulangi lagi, ngatain NU, hmmm tar minta maaf lagi, mon maap Soni.\xe2\x80\xa6'""";
"2018-12-05 14:02:28,""b'RT @Airin_NZ: Saya terkadang bingung dgn @DivHumas_Polri kenapa soal kasus Ahok begitu cepat..\n\nTapi soal kasus Ratna Sarumpaet, Buni Yani,\xe2\x80\xa6'""";
"2018-12-05 14:01:43,""b'RT @rt_Zee6: @ronavioleta @DivHumas_Polri Dibilang banci kelojotan, dikritik pedas sewot mentang2 pelakunya pribumi. Giliran anak cina lu m\xe2\x80\xa6'""";
"2018-12-05 14:01:32,b'RT @NurSyahbana9: Kenapa Nahdhatul ulama terus menerus di fitnah? Supaya  NKRI rapuh dan hancur\n\nKarena Nahdhatul ulama adalah salah satu d\xe2\x80\xa6'";
"2018-12-05 14:01:19,""b'What? Ratakan saja semua pak @DivHumas_Polri\n@Puspen_TNI\nPersetan dengan ham, mereka jg gak pake nurani membunuh pe\xe2\x80\xa6 https://t.co/BPJtnmzMVn'""";
"2018-12-05 14:00:57,""b'RT @MusfarB: Mhn bntuan nya pk,@DivHumas_Polri @Puspen_TNI  @PolresMetro ank ini prgi tdk dketahau olh ortu nya,katanya dlm chat fb,mrka br\xe2\x80\xa6'""";
"2018-12-05 14:00:02,""b'RT @FaGtng: Ini Biadab !!!\nWajah pas - pasan , beraninya menghina, mengejek dan memfitnah Presiden RI.\n\nSaya mohon dengan 10 jari tersusun\xf0\x9f\x99\x8f\xe2\x80\xa6'""";
"2018-12-05 13:58:58,""b'RT @Airin_NZ: Saya terkadang bingung dgn @DivHumas_Polri kenapa soal kasus Ahok begitu cepat..\n\nTapi soal kasus Ratna Sarumpaet, Buni Yani,\xe2\x80\xa6'""";
"2018-12-05 13:58:08,b'RT @ybudi55: @ezzyrehym @WahhabiCC Maaf.. kapolsek mana ya? tolong sebutkan namanya juga!!.. cc @DivHumas_Polri'";
"2018-12-05 13:58:01,b'RT @DimasPermana817: @AfifFuadS @Ze_sukma @DivHumas_Polri kuntitin aja pak \xf0\x9f\x98\x89\xf0\x9f\x98\x89\nhttps://t.co/O6CnBXZNZ9'";
"2018-12-05 13:57:51,""b'RT @jihadisnkri: @DivHumas_Polri @bawaslu_RI harus tangkap siapa yang memasangnya. Jangan diam, demokrasi kita bakal rusak kalo seperti ini\xe2\x80\xa6'""";
"2018-12-05 13:56:36,""b'RT @RabbaniProjects: Publik melihatnya seperti itu... \nAda ketidaknetralan dalam menyikapi kasus, cenderung berpihak. \n\n@DivHumas_Polri htt\xe2\x80\xa6'""";
"2018-12-05 13:56:35,b'RT @FPI_212: Peserta Reuni Akbar cuma 40 ribu kata @DivHumas_Polri.\nPolisi yg dikerahkan 20ribu.\n\nOooh... https://t.co/xBZvVv6k6T'";
"2018-12-05 13:55:52,""b'RT @syi__fa: Twitter, Please do your Magic\n\nMotor bapaknya temen saya dibawa kabur orang yang pura-pura mau lamar kerjaan di Usahanya bapak\xe2\x80\xa6'""";
"2018-12-05 13:54:22,b'@MusfarB @DivHumas_Polri @Puspen_TNI @polresjakbar @Prabowo_Sandi_ Alhamdulillah ...'";
"2018-12-05 13:54:16,""b'Papua itu Indonesia,kami tdk akan menyerahkan sejengkalpun tanah Indonesia pada siapapun. @jokowi @Puspen_TNI\xe2\x80\xa6 https://t.co/xfQrI9f0HY'""";
"2018-12-05 13:53:32,b'RT @MahesaTiwi: Wah bani kampret makin kurang ajar ini melakukan penghinaan. Viralkan gaes biar pelakunya ketangkap! Cyduk pak ga pake lemo\xe2\x80\xa6'";
"2018-12-05 13:52:33,""b'RT @syi__fa: Twitter, Please do your Magic\n\nMotor bapaknya temen saya dibawa kabur orang yang pura-pura mau lamar kerjaan di Usahanya bapak\xe2\x80\xa6'""";
"2018-12-05 13:52:16,""b'RT @AfifFuadS: NIh rekam jejekanya, sila disimak, kita mulai dari ini...\nBagaimana dia menghina Polisi @DivHumas_Polri \nsekarang dia berkel\xe2\x80\xa6'""";
"2018-12-05 13:51:55,b'RT @MahesaTiwi: Wah bani kampret makin kurang ajar ini melakukan penghinaan. Viralkan gaes biar pelakunya ketangkap! Cyduk pak ga pake lemo\xe2\x80\xa6'";
"2018-12-05 13:51:23,b'pembantain di nduga ini akibat kecolongan pemerintahan RI / kecrobohon pemerintah? sudah tau daerah nduga rawan kkb\xe2\x80\xa6 https://t.co/R4JATSws0X'";
"2018-12-05 13:51:20,""b'RT @AfifFuadS: NIh rekam jejekanya, sila disimak, kita mulai dari ini...\nBagaimana dia menghina Polisi @DivHumas_Polri \nsekarang dia berkel\xe2\x80\xa6'""";
"2018-12-05 13:51:13,""b'RT @Yat_R: Nada ancaman spt ini berbahaya, ngga pantas diucapkan pemimpin ormas, apalgi ditujukan kpd diplomat tamu negara.. @DivHumas_Polr\xe2\x80\xa6'""";
"2018-12-05 13:50:34,b'@AfifFuadS @DivHumas_Polri Cermah ko begini amat ya \xf0\x9f\x98\xa7'";
"2018-12-05 13:50:21,""b'@Fadil38579039 @Fahrihamzah @DivHumas_Polri @rockygerung Katanya biar gak kena hoax IQ nya ditinggiin, la ini sama\xe2\x80\xa6 https://t.co/G4zGbnM6e3'""";
"2018-12-05 13:49:23,""b'@MusfarB @DivHumas_Polri @Puspen_TNI @polresjakbar @Prabowo_Sandi_ Selalu terulang, saat yg sama dikoran td ane bac\xe2\x80\xa6 https://t.co/YgIoYEogYn'""";
"2018-12-05 13:49:05,""b'RT @AfifFuadS: Abis ngatain Polisi @DivHumas_Polri minta maaf, kali ini diulangi lagi, ngatain NU, hmmm tar minta maaf lagi, mon maap Soni.\xe2\x80\xa6'""";
"2018-12-05 13:48:39,b'pembantain di nduga ini akibat kecolongan pemerintahan RI / kecrobohon pemerintah? sudah tau daerah nduga rawan kkb\xe2\x80\xa6 https://t.co/ASdorup1uO'";
"2018-12-05 13:47:58,""b'RT @AfifFuadS: Abis ngatain Polisi @DivHumas_Polri minta maaf, kali ini diulangi lagi, ngatain NU, hmmm tar minta maaf lagi, mon maap Soni.\xe2\x80\xa6'""";
"2018-12-05 13:47:30,b'RT @RestyCayah: Dencus 88 pada kemana min @DivHumas_Polri ?\n\n https://t.co/1KRDSi18Is'";
"2018-12-05 13:47:26,""b'@MazzMukidi @DivHumas_Polri @Puspen_TNI @polresjakbar @Prabowo_Sandi_ Mf ms,krna prkenalan di fb,,,\xf0\x9f\x99\x8f'""";
"2018-12-05 13:46:56,""b'RT @pejuangind02: Mobil habib bahar bin Smith=\nhttps://t.co/s2asM2mu2l\n1)maserati putih &amp";
"2018-12-05 13:46:30,b'@DivHumas_Polri @PolriMultimedia Tdk bermaksud memprovokasi Polri. Tp twit sprti ini amat tdk pantas. Apalagi ngaku\xe2\x80\xa6 https://t.co/VjrinvNeGp'";
"2018-12-05 13:46:03,""b'RT @syi__fa: Twitter, Please do your Magic\n\nMotor bapaknya temen saya dibawa kabur orang yang pura-pura mau lamar kerjaan di Usahanya bapak\xe2\x80\xa6'""";" mercedes e-class,yg diduga pkai plat Palsu,keduan\xe2\x80\xa6'"""
"2018-12-05 13:45:54,b'@kotaserui @BareskrimPolri @DivHumas_Polri @jokowi @Info_BinaMarga Ini teroris sesungguhnya.@DivHumas_Polri kenapa namanya KKB?'";
"2018-12-05 13:45:05,""b'RT @Airin_NZ: Panggilan ke 2 sudah diterima untuk menghadapi hari kamis besok, tidak datang segera jemput paksa pak @DivHumas_Polri'""";
"2018-12-05 13:44:39,""b'RT @syi__fa: Twitter, Please do your Magic\n\nMotor bapaknya temen saya dibawa kabur orang yang pura-pura mau lamar kerjaan di Usahanya bapak\xe2\x80\xa6'""";
"2018-12-05 13:43:48,""b'RT @FaGtng: Ini Biadab !!!\nWajah pas - pasan , beraninya menghina, mengejek dan memfitnah Presiden RI.\n\nSaya mohon dengan 10 jari tersusun\xf0\x9f\x99\x8f\xe2\x80\xa6'""";
"2018-12-05 13:43:27,""b'RT @AfifFuadS: Abis ngatain Polisi @DivHumas_Polri minta maaf, kali ini diulangi lagi, ngatain NU, hmmm tar minta maaf lagi, mon maap Soni.\xe2\x80\xa6'""";
"2018-12-05 13:43:05,""b'RT @AfifFuadS: NIh rekam jejekanya, sila disimak, kita mulai dari ini...\nBagaimana dia menghina Polisi @DivHumas_Polri \nsekarang dia berkel\xe2\x80\xa6'""";
"2018-12-05 13:42:50,""b'RT @AfifFuadS: Abis ngatain Polisi @DivHumas_Polri minta maaf, kali ini diulangi lagi, ngatain NU, hmmm tar minta maaf lagi, mon maap Soni.\xe2\x80\xa6'""";
"2018-12-05 13:42:47,b'RT @DivHumas_Polri: Polri : Reuni 212 Berjalan Kondusif\n\n#PolriPromoter #PolriHumanis @PolriMultimedia https://t.co/dxWUJk96g5'";
"2018-12-05 13:42:46,""b'RT @syi__fa: Twitter, Please do your Magic\n\nMotor bapaknya temen saya dibawa kabur orang yang pura-pura mau lamar kerjaan di Usahanya bapak\xe2\x80\xa6'""";
"2018-12-05 13:42:22,""b'RT @Airin_NZ: Saya terkadang bingung dgn @DivHumas_Polri kenapa soal kasus Ahok begitu cepat..\n\nTapi soal kasus Ratna Sarumpaet, Buni Yani,\xe2\x80\xa6'""";
"2018-12-05 13:41:37,""b'RT @AfifFuadS: NIh rekam jejekanya, sila disimak, kita mulai dari ini...\nBagaimana dia menghina Polisi @DivHumas_Polri \nsekarang dia berkel\xe2\x80\xa6'""";
"2018-12-05 13:41:23,""b'RT @Airin_NZ: Saya terkadang bingung dgn @DivHumas_Polri kenapa soal kasus Ahok begitu cepat..\n\nTapi soal kasus Ratna Sarumpaet, Buni Yani,\xe2\x80\xa6'""";
"2018-12-05 13:41:16,b'@makLambeTurah @DivHumas_Polri @CCICPolri kok @prabowo yg jelas2 menyebar HOAX spt ini tidak ditangkap!!! Apa kurang ini video pernyataan'";
"2018-12-05 13:40:57,b'@GSiwalette @CCICPolri @DivHumas_Polri menolak balik sampe menolak bala kali yeee..'";
"2018-12-05 13:40:50,b'RT @SutejoJunot: @umijuntak @Aryprasetyo85 @DivHumas_Polri Ah mbk novi mungkin gak punya agama atau gk pernah sekolah'";
"2018-12-05 13:40:08,""b'RT @Airin_NZ: Saya terkadang bingung dgn @DivHumas_Polri kenapa soal kasus Ahok begitu cepat..\n\nTapi soal kasus Ratna Sarumpaet, Buni Yani,\xe2\x80\xa6'""";
"2018-12-05 13:38:44,""b'RT @syi__fa: Twitter, Please do your Magic\n\nMotor bapaknya temen saya dibawa kabur orang yang pura-pura mau lamar kerjaan di Usahanya bapak\xe2\x80\xa6'""";
"2018-12-05 13:38:40,""b'@rnadyana_ Pak tolong ini diproses, abis fitnah skrg dia ngaku punya sugar daddy pak ngga bilang bilang \xf0\x9f\x98\x92 @DivHumas_Polri'""";
"2018-12-05 13:38:05,""b'RT @syi__fa: Twitter, Please do your Magic\n\nMotor bapaknya temen saya dibawa kabur orang yang pura-pura mau lamar kerjaan di Usahanya bapak\xe2\x80\xa6'""";
"2018-12-05 13:37:49,""b'RT @syi__fa: Twitter, Please do your Magic\n\nMotor bapaknya temen saya dibawa kabur orang yang pura-pura mau lamar kerjaan di Usahanya bapak\xe2\x80\xa6'""";
"2018-12-05 13:37:47,b'RT @DivHumas_Polri: Kapolres Puncak Jaya: Berita Penyerangan 7 Anggota TNI di Tingginambut adalah HOAX\n\n#PolriPromoter #PolriHumanis @Polri\xe2\x80\xa6'";
"2018-12-05 13:37:44,b'@MusfarB @DivHumas_Polri @Puspen_TNI @polresjakbar @Prabowo_Sandi_ Sebenarnya gmn ceritsnya dr krawang ampe cengkareng...'";
"2018-12-05 13:37:17,""b'RT @syi__fa: Twitter, Please do your Magic\n\nMotor bapaknya temen saya dibawa kabur orang yang pura-pura mau lamar kerjaan di Usahanya bapak\xe2\x80\xa6'""";
"2018-12-05 13:36:24,b'RT @DivHumas_Polri: Kapolda Metro Jaya Ingatkan Anggotanya Jaga Netralitas Dalam Pemilu 2019\n\n#PolriPromoter #PolriHumanis @PolriMultimedia\xe2\x80\xa6'";
"2018-12-05 13:35:55,b'RT @MahesaTiwi: Wah bani kampret makin kurang ajar ini melakukan penghinaan. Viralkan gaes biar pelakunya ketangkap! Cyduk pak ga pake lemo\xe2\x80\xa6'";
"2018-12-05 13:34:35,""b'RT @syi__fa: Twitter, Please do your Magic\n\nMotor bapaknya temen saya dibawa kabur orang yang pura-pura mau lamar kerjaan di Usahanya bapak\xe2\x80\xa6'""";
"2018-12-05 13:34:23,b'RT @AsepBerlian8: @ezzyrehym @WahhabiCC Sebut kapolsek Mana!? Katanya kereta lah diboikot padahal lancar2 aja.. fitnah polisi  @DivHumas_Po\xe2\x80\xa6'";
"2018-12-05 13:34:23,""b'RT @syi__fa: Twitter, Please do your Magic\n\nMotor bapaknya temen saya dibawa kabur orang yang pura-pura mau lamar kerjaan di Usahanya bapak\xe2\x80\xa6'""";
"2018-12-05 13:34:13,b'RT @RestyCayah: Jangan kau salahkan TNI krn UU gk memungkinkan TNI ikut terlibat  . selama pemerintah masih menyebut pelaku Pembantaian di\xe2\x80\xa6'";
"2018-12-05 13:33:28,""b'RT @syi__fa: Twitter, Please do your Magic\n\nMotor bapaknya temen saya dibawa kabur orang yang pura-pura mau lamar kerjaan di Usahanya bapak\xe2\x80\xa6'""";
"2018-12-05 13:32:33,b'RT @ybudi55: @ezzyrehym @WahhabiCC Maaf.. kapolsek mana ya? tolong sebutkan namanya juga!!.. cc @DivHumas_Polri'";
"2018-12-05 13:31:58,b'RT @RestyCayah: Dencus 88 pada kemana min @DivHumas_Polri ?\n\n https://t.co/1KRDSi18Is'";
"2018-12-05 13:31:49,b'RT @NurSyahbana9: Kenapa Nahdhatul ulama terus menerus di fitnah? Supaya  NKRI rapuh dan hancur\n\nKarena Nahdhatul ulama adalah salah satu d\xe2\x80\xa6'";
"2018-12-05 13:30:47,""b'@Airin_NZ @DivHumas_Polri dari pda entar kena demo bersilid-silid mending dilambat""""in'""";
"2018-12-05 13:30:47,""b'RT @FaGtng: Ini Biadab !!!\nWajah pas - pasan , beraninya menghina, mengejek dan memfitnah Presiden RI.\n\nSaya mohon dengan 10 jari tersusun\xf0\x9f\x99\x8f\xe2\x80\xa6'""";
"2018-12-05 13:30:41,""b'RT @syi__fa: Twitter, Please do your Magic\n\nMotor bapaknya temen saya dibawa kabur orang yang pura-pura mau lamar kerjaan di Usahanya bapak\xe2\x80\xa6'""";
"2018-12-05 13:30:30,b'RT @ronavioleta: Masya Allah.... \n\n*Copas: Jam 3 minggu di pagi yg buta tiba2 datang sekelompok orang Buta yg berjalan berbaris mengikuti k\xe2\x80\xa6'";
"2018-12-05 13:30:16,b'@RestyCayah @DivHumas_Polri modal bacot doang...dasar bani nacyro bangkee..'";
"2018-12-05 13:30:15,""b'RT @jihadisnkri: @DivHumas_Polri @bawaslu_RI harus tangkap siapa yang memasangnya. Jangan diam, demokrasi kita bakal rusak kalo seperti ini\xe2\x80\xa6'""";
"2018-12-05 13:29:36,""b'RT @syi__fa: Twitter, Please do your Magic\n\nMotor bapaknya temen saya dibawa kabur orang yang pura-pura mau lamar kerjaan di Usahanya bapak\xe2\x80\xa6'""";
"2018-12-05 13:28:00,""b'Sidang Kasus 1,3 Ton Sabu, Huang Chin Lolos dari Hukuman Mati @DivHumas_Polri ada apa ya..? https://t.co/dVQFUEtpL5'""";
"2018-12-05 13:26:57,b'@NurmaTgr laaah ini bagaimana pak @DivHumas_Polri ???? https://t.co/enZcLFG2pW'";
"2018-12-05 13:26:56,b'@ezzyrehym @WahhabiCC Maaf.. kapolsek mana ya? tolong sebutkan namanya juga!!.. cc @DivHumas_Polri'";
"2018-12-05 13:26:51,""b'@Rid22 @RestyCayah @DivHumas_Polri Klo ngerasa difitnah, ngapain takut fulang? Kan dikawal 7 jeti ummat plus ratusa\xe2\x80\xa6 https://t.co/5seHW3SL7W'""";
"2018-12-05 13:25:59,""b'RT @syi__fa: Twitter, Please do your Magic\n\nMotor bapaknya temen saya dibawa kabur orang yang pura-pura mau lamar kerjaan di Usahanya bapak\xe2\x80\xa6'""";
"2018-12-05 13:25:53,""b'@syi__fa @maman1965 @wiepoe3 @DivHumas_Polri Klo setau saya kp.pacing bkn di kab bekasi,tapi di kab krawang kyknya allmt ktp nya fiktif deh'""";
"2018-12-05 13:25:27,b'RT @MahesaTiwi: Wah bani kampret makin kurang ajar ini melakukan penghinaan. Viralkan gaes biar pelakunya ketangkap! Cyduk pak ga pake lemo\xe2\x80\xa6'";
"2018-12-05 13:25:25,b'RT @NurSyahbana9: Kenapa Nahdhatul ulama terus menerus di fitnah? Supaya  NKRI rapuh dan hancur\n\nKarena Nahdhatul ulama adalah salah satu d\xe2\x80\xa6'";
"2018-12-05 13:24:43,b'RT @ronavioleta: Masya Allah.... \n\n*Copas: Jam 3 minggu di pagi yg buta tiba2 datang sekelompok orang Buta yg berjalan berbaris mengikuti k\xe2\x80\xa6'";
"2018-12-05 13:24:34,b'RT @MahesaTiwi: Wah bani kampret makin kurang ajar ini melakukan penghinaan. Viralkan gaes biar pelakunya ketangkap! Cyduk pak ga pake lemo\xe2\x80\xa6'";
"2018-12-03 05:36:41,b'@DivHumas_Polri @haikal_hassan @PolriMultimedia Hoax lagi...hoax lagi...'";
"2018-12-03 05:36:41,b'RT @duhmnas3: Terdeteksi Namanya  sisca rumondor. Suaminya alex rumondor. Non muslim. Nyaru pake jilbab \nex SMA 37 Jkt angk 86. Fikom Unpad\xe2\x80\xa6'";
"2018-12-03 05:36:20,b'RT @DivHumas_Polri: Hoax dan Ujaran Kebencian dapat mengancam persatuan \n\nLaporkan dan Janban Ikut Menyebarkan\n\n#PolriPromoter #PolriHumani\xe2\x80\xa6'";
"2018-12-03 05:36:13,b'@duhmnas3 @Abi_Londo @DivHumas_Polri @BareskrimPolri @LembagaF @anna_suezann Astaghfirlloh ini orang dibayar berapa\xe2\x80\xa6 https://t.co/0alWL9VKdj'";
"2018-12-03 05:35:50,b'RT @duhmnas3: Terdeteksi Namanya  sisca rumondor. Suaminya alex rumondor. Non muslim. Nyaru pake jilbab \nex SMA 37 Jkt angk 86. Fikom Unpad\xe2\x80\xa6'";
"2018-12-03 05:35:32,b'@DivHumas_Polri yang bener yang mana pak? Kalo dua tahun kemaren jutaan sekarang puluhan ribu? https://t.co/mfCAMetIGj'";
"2018-12-03 05:35:04,b'RT @duhmnas3: Terdeteksi Namanya  sisca rumondor. Suaminya alex rumondor. Non muslim. Nyaru pake jilbab \nex SMA 37 Jkt angk 86. Fikom Unpad\xe2\x80\xa6'";
"2018-12-03 05:34:39,b'RT @DivHumas_Polri: Polri : Reuni 212 Berjalan Kondusif\n\n#PolriPromoter #PolriHumanis @PolriMultimedia https://t.co/dxWUJk96g5'";
"2018-12-03 05:34:31,b'RT @duhmnas3: Terdeteksi Namanya  sisca rumondor. Suaminya alex rumondor. Non muslim. Nyaru pake jilbab \nex SMA 37 Jkt angk 86. Fikom Unpad\xe2\x80\xa6'";
"2018-12-03 05:34:24,b'@CLB_IDF @DivHumas_Polri Iyain aja drpd di katakan mau makar'";
"2018-12-03 05:34:04,b'RT @DivHumas_Polri: Polri : Reuni 212 Berjalan Kondusif\n\n#PolriPromoter #PolriHumanis @PolriMultimedia https://t.co/dxWUJk96g5'";
"2018-12-03 05:33:59,""b'Ayo pak @BareskrimPolri @CCICPolri @DivHumas_Polri @KejaksaanRI segera ditindak, jangan sampe nanti di katakan B***I https://t.co/pX7ZMiHZWC'""";
"2018-12-03 05:33:59,b'Di dalam hati mereka tersimpan aspirasi serta harapan!! @DivHumas_Polri @HumasMetroJaya @Puspen_TNI @tni_ad\xe2\x80\xa6 https://t.co/1V2h7wmzQq'";
"2018-12-03 05:33:22,""b'RT @fahiraidris: Mantap Pak Wakapolsek Minahasa Utara, Kauditan Ipda L. Hadi Purwanto. Semangat kepolisian menyelamatkan anak bangsa dari b\xe2\x80\xa6'""";
"2018-12-03 05:32:46,b'@Semut_Ibrahim_ Coba hub @DivHumas_Polri barangkali butuh sewa @GPAnsor_Satu buat ngadepin mereka'";
"2018-12-03 05:32:24,""b'RT @fahiraidris: Mantap Pak Wakapolsek Minahasa Utara, Kauditan Ipda L. Hadi Purwanto. Semangat kepolisian menyelamatkan anak bangsa dari b\xe2\x80\xa6'""";
"2018-12-03 05:31:58,b'RT @duhmnas3: Terdeteksi Namanya  sisca rumondor. Suaminya alex rumondor. Non muslim. Nyaru pake jilbab \nex SMA 37 Jkt angk 86. Fikom Unpad\xe2\x80\xa6'";
"2018-12-03 05:31:38,b'RT @DivHumas_Polri: Polri : Reuni 212 Berjalan Kondusif\n\n#PolriPromoter #PolriHumanis @PolriMultimedia https://t.co/dxWUJk96g5'";
"2018-12-03 05:31:14,b'RT @DivHumas_Polri: Polri : Reuni 212 Berjalan Kondusif\n\n#PolriPromoter #PolriHumanis @PolriMultimedia https://t.co/dxWUJk96g5'";
"2018-12-03 05:31:07,b'RT @duhmnas3: Terdeteksi Namanya  sisca rumondor. Suaminya alex rumondor. Non muslim. Nyaru pake jilbab \nex SMA 37 Jkt angk 86. Fikom Unpad\xe2\x80\xa6'";
"2018-12-03 05:30:42,b'RT @duhmnas3: Terdeteksi Namanya  sisca rumondor. Suaminya alex rumondor. Non muslim. Nyaru pake jilbab \nex SMA 37 Jkt angk 86. Fikom Unpad\xe2\x80\xa6'";
"2018-12-03 05:30:37,""b'@ferisurya15 @JsRachman @CNNIndonesia @DivHumas_Polri gk usah ngeles, kenyataannya skrg?'""";
"2018-12-03 05:29:24,b'@INTANHambaAllah @jokowi @DivHumas_Polri @fadlizon Yg menghina prabowo asu dianggap suatu yg egaliter.tunggu saja s\xe2\x80\xa6 https://t.co/75QZ7tGFNf'";
"2018-12-03 05:29:03,b'RT @duhmnas3: Terdeteksi Namanya  sisca rumondor. Suaminya alex rumondor. Non muslim. Nyaru pake jilbab \nex SMA 37 Jkt angk 86. Fikom Unpad\xe2\x80\xa6'";
"2018-12-03 05:28:43,""b'RT @DivHumas_Polri: Polri Jaga Persatuan dan Kesatuan Bangsa\n\nKapolri, Jenderal Polisi Prof. H. Muhammad Tito Karnavian, Ph.D. Menghadiri A\xe2\x80\xa6'""";
"2018-12-03 05:28:26,b'RT @duhmnas3: Terdeteksi Namanya  sisca rumondor. Suaminya alex rumondor. Non muslim. Nyaru pake jilbab \nex SMA 37 Jkt angk 86. Fikom Unpad\xe2\x80\xa6'";
"2018-12-03 05:28:13,b'@AnakLolina @DivHumas_Polri Macan betul aja Tuhannya bisa diajak negosiasi hadeeh..\nAhli taurat dan imam farisi sel\xe2\x80\xa6 https://t.co/CoRS19wnjT'";
"2018-12-03 05:28:01,b'RT @DivHumas_Polri: Polri : Reuni 212 Berjalan Kondusif\n\n#PolriPromoter #PolriHumanis @PolriMultimedia https://t.co/dxWUJk96g5'";
"2018-12-03 05:27:59,b'RT @DivHumas_Polri: Polri : Reuni 212 Berjalan Kondusif\n\n#PolriPromoter #PolriHumanis @PolriMultimedia https://t.co/dxWUJk96g5'";
"2018-12-03 05:27:49,b'RT @duhmnas3: Terdeteksi Namanya  sisca rumondor. Suaminya alex rumondor. Non muslim. Nyaru pake jilbab \nex SMA 37 Jkt angk 86. Fikom Unpad\xe2\x80\xa6'";
"2018-12-03 05:27:48,b'RT @DivHumas_Polri: Polri : Reuni 212 Berjalan Kondusif\n\n#PolriPromoter #PolriHumanis @PolriMultimedia https://t.co/dxWUJk96g5'";
"2018-12-03 05:27:36,b'RT @duhmnas3: Terdeteksi Namanya  sisca rumondor. Suaminya alex rumondor. Non muslim. Nyaru pake jilbab \nex SMA 37 Jkt angk 86. Fikom Unpad\xe2\x80\xa6'";
"2018-12-03 05:27:20,b'RT @duhmnas3: Terdeteksi Namanya  sisca rumondor. Suaminya alex rumondor. Non muslim. Nyaru pake jilbab \nex SMA 37 Jkt angk 86. Fikom Unpad\xe2\x80\xa6'";
"2018-12-03 05:27:13,b'RT @DivHumas_Polri: Hoax dan Ujaran Kebencian dapat mengancam persatuan \n\nLaporkan dan Janban Ikut Menyebarkan\n\n#PolriPromoter #PolriHumani\xe2\x80\xa6'";
"2018-12-03 05:26:53,b'RT @DivHumas_Polri: Polri : Reuni 212 Berjalan Kondusif\n\n#PolriPromoter #PolriHumanis @PolriMultimedia https://t.co/dxWUJk96g5'";
"2018-12-03 05:26:25,""b'@Patiunus14 @JsRachman @CNNIndonesia @DivHumas_Polri Justru, presidenku tdnya gak mau bw agama ke ranah politik, tp\xe2\x80\xa6 https://t.co/oHdbI2a3OB'""";
"2018-12-03 05:25:59,b'@abdullahhaidir1 Cc @DivHumas_Polri  polri pengayom masyarakat. \n\n#ReuniAkbar212diMonas #ReuniAkbar212'";
"2018-12-03 05:25:58,b'RT @duhmnas3: Terdeteksi Namanya  sisca rumondor. Suaminya alex rumondor. Non muslim. Nyaru pake jilbab \nex SMA 37 Jkt angk 86. Fikom Unpad\xe2\x80\xa6'";
"2018-12-03 05:25:46,b'RT @AnakLolina: Tolong di sebarkan &amp";
"2018-12-03 05:25:36,b'RT @Diezpung1: Ntah Karena Video Sy Soal Bib Bahar.Atau Video Pak @prabowo Soal Ucapn S.A.W Yg  Sy Posting D Group Oposisi Td Dapat Inbox A\xe2\x80\xa6'";
"2018-12-03 05:25:24,b'RT @DivHumas_Polri: Polri : Reuni 212 Berjalan Kondusif\n\n#PolriPromoter #PolriHumanis @PolriMultimedia https://t.co/dxWUJk96g5'";
"2018-12-03 05:24:57,""b'Alhamdulillah! \nTpi kayaknya pesimis responnya aparat, min \xf0\x9f\x98\x89\n@AntoniRaja @DivHumas_Polri https://t.co/0fr4bJyIXY'""";
"2018-12-03 05:24:56,b'RT @DivHumas_Polri: Polri : Reuni 212 Berjalan Kondusif\n\n#PolriPromoter #PolriHumanis @PolriMultimedia https://t.co/dxWUJk96g5'";
"2018-12-03 05:24:33,b'@amattudin @DivHumas_Polri @PolriMultimedia Judul nya yg enak yg yg 40 ntu yg ga enak ya.hoax x ya'";
"2018-12-03 05:24:33,b'RT @DivHumas_Polri: Jiwa Raga TNI-Polri untuk NKRI\n\nTNI-Polri Kawan Agenda Nasional Pada Tahun Politik\n\n#PolriHumanis #PolriPromoter #TNIPo\xe2\x80\xa6'";
"2018-12-03 05:24:28,b'RT @CLB_IDF: Peserta Reuni Akbar cuma 40 ribu kata @DivHumas_Polri.\nPolisi yg dikerahkan 20ribu.\n\nOooh... https://t.co/xBZvVv6k6T'";
"2018-12-03 05:24:15,b'@amrullah_sk @Elispriatin @DivHumas_Polri Biarkan saja bro..!!!  Biar yg membungkam mulut dia Allah Swt.'";
"2018-12-03 05:24:09,b'@DivHumas_Polri @haikal_hassan @PolriMultimedia Allah maha tau...'";
"2018-12-03 05:23:50,b'RT @duhmnas3: Terdeteksi Namanya  sisca rumondor. Suaminya alex rumondor. Non muslim. Nyaru pake jilbab \nex SMA 37 Jkt angk 86. Fikom Unpad\xe2\x80\xa6'";
"2018-12-03 05:22:59,b'RT @DivHumas_Polri: Polri : Reuni 212 Berjalan Kondusif\n\n#PolriPromoter #PolriHumanis @PolriMultimedia https://t.co/dxWUJk96g5'";
"2018-12-03 05:22:49,b'@DivHumas_Polri @haikal_hassan @PolriMultimedia Data dari mana 40 rb....? sekelas Polri berani mainin data. Kasihan'";
"2018-12-03 05:22:46,b'@Jabreak_Yudha @duhmnas3 @a_muhajir_hbh @DivHumas_Polri @BareskrimPolri @LembagaF @anna_suezann Takut kedengeran sa\xe2\x80\xa6 https://t.co/yJXAXnWt3D'";
"2018-12-03 05:22:42,b'@ceceplubis @DivHumas_Polri @PolriMultimedia Cuman 100 kok heheh'";
"2018-12-03 05:22:33,b'RT @MommieZyud: @DivHumas_Polri @PolriMultimedia Bisa di update info progress laporan hoax dari pihak oposisi Min?'";
"2018-12-03 05:22:23,""b'@muannas_alaidid @GunRomli @DivHumas_Polri @psi_id @AntoniRaja Lanjutkan saja pak, biar yg beginian jadi efek jera.masa seenaknya minta maap'""";
"2018-12-03 05:22:13,b'RT @duhmnas3: Terdeteksi Namanya  sisca rumondor. Suaminya alex rumondor. Non muslim. Nyaru pake jilbab \nex SMA 37 Jkt angk 86. Fikom Unpad\xe2\x80\xa6'";
"2018-12-03 05:22:01,b'RT @duhmnas3: Terdeteksi Namanya  sisca rumondor. Suaminya alex rumondor. Non muslim. Nyaru pake jilbab \nex SMA 37 Jkt angk 86. Fikom Unpad\xe2\x80\xa6'";
"2018-12-03 05:21:56,b'RT @DivHumas_Polri: Polri : Reuni 212 Berjalan Kondusif\n\n#PolriPromoter #PolriHumanis @PolriMultimedia https://t.co/dxWUJk96g5'";
"2018-12-03 05:20:53,b'RT @duhmnas3: Terdeteksi Namanya  sisca rumondor. Suaminya alex rumondor. Non muslim. Nyaru pake jilbab \nex SMA 37 Jkt angk 86. Fikom Unpad\xe2\x80\xa6'";
"2018-12-03 05:20:29,b'RT @DivHumas_Polri: Hoax dan Ujaran Kebencian dapat mengancam persatuan \n\nLaporkan dan Janban Ikut Menyebarkan\n\n#PolriPromoter #PolriHumani\xe2\x80\xa6'";
"2018-12-03 05:20:16,b'RT @duhmnas3: Terdeteksi Namanya  sisca rumondor. Suaminya alex rumondor. Non muslim. Nyaru pake jilbab \nex SMA 37 Jkt angk 86. Fikom Unpad\xe2\x80\xa6'";
"2018-12-03 05:19:41,b'@DivHumas_Polri @haikal_hassan @PolriMultimedia Ah 40rb kebanyakan pak...cuma 4rb kaliiikk'";
"2018-12-03 05:19:31,b'RT @duhmnas3: Terdeteksi Namanya  sisca rumondor. Suaminya alex rumondor. Non muslim. Nyaru pake jilbab \nex SMA 37 Jkt angk 86. Fikom Unpad\xe2\x80\xa6'";
"2018-12-03 05:19:19,b'@DivHumas_Polri @PolriMultimedia Aksi umat selalu damai pak... \xf0\x9f\x98\x81'";
"2018-12-03 05:18:34,b'RT @duhmnas3: Terdeteksi Namanya  sisca rumondor. Suaminya alex rumondor. Non muslim. Nyaru pake jilbab \nex SMA 37 Jkt angk 86. Fikom Unpad\xe2\x80\xa6'";
"2018-12-03 05:18:29,b'@DivHumas_Polri @haikal_hassan @PolriMultimedia Hadeuhh jumlah peserta aja mau dikorupsi....\xf0\x9f\x98\x86'";
"2018-12-03 05:18:19,b'RT @DivHumas_Polri: Polri : Reuni 212 Berjalan Kondusif\n\n#PolriPromoter #PolriHumanis @PolriMultimedia https://t.co/dxWUJk96g5'";
"2018-12-03 05:17:55,b'RT @DivHumas_Polri: Hoax dan Ujaran Kebencian dapat mengancam persatuan \n\nLaporkan dan Janban Ikut Menyebarkan\n\n#PolriPromoter #PolriHumani\xe2\x80\xa6'";
"2018-12-03 05:17:54,""b""""@DivHumas_Polri @PolriMultimedia Pa kapolri benar, sebab pa kapolri ngitungnya pas ba'da ashar jm 16..""""""";
"2018-12-03 05:17:31,b'RT @DivHumas_Polri: Polri : Reuni 212 Berjalan Kondusif\n\n#PolriPromoter #PolriHumanis @PolriMultimedia https://t.co/dxWUJk96g5'";
"2018-12-03 05:16:03,b'RT @amrullah_sk: Sebar dan VIRAL kan\n\nKAPITRA  bilang  Jamaah  Reuni 212  dapat  uang saku 100 ribu per kepala\n\ngemes  bener  sama manusia\xe2\x80\xa6'";
"2018-12-03 05:15:10,b'RT @DivHumas_Polri: Hoax dan Ujaran Kebencian dapat mengancam persatuan \n\nLaporkan dan Janban Ikut Menyebarkan\n\n#PolriPromoter #PolriHumani\xe2\x80\xa6'";
"2018-12-03 05:15:02,""b'Ini penistaan agama sesungguhnya, mohon ditindak sesuai hukum yang berlaku yaaa\xf0\x9f\x99\x8f\n@bareskrim2018 \n@BareskrimPolri\xe2\x80\xa6 https://t.co/7FTB3ZTfSk'""";
"2018-12-03 05:14:55,b'RT @DivHumas_Polri: Polri : Reuni 212 Berjalan Kondusif\n\n#PolriPromoter #PolriHumanis @PolriMultimedia https://t.co/dxWUJk96g5'";
"2018-12-03 05:14:41,b'RT @duhmnas3: Terdeteksi Namanya  sisca rumondor. Suaminya alex rumondor. Non muslim. Nyaru pake jilbab \nex SMA 37 Jkt angk 86. Fikom Unpad\xe2\x80\xa6'";
"2018-12-03 05:14:27,b'RT @duhmnas3: Terdeteksi Namanya  sisca rumondor. Suaminya alex rumondor. Non muslim. Nyaru pake jilbab \nex SMA 37 Jkt angk 86. Fikom Unpad\xe2\x80\xa6'";
"2018-12-03 05:14:12,""b'@DivHumas_Polri @haikal_hassan @PolriMultimedia Pak"""" kalau berita hoax bisa dilaporkan ya"""" tp kalau yg menyebarkan\xe2\x80\xa6 https://t.co/jvVWwhHSY5'""";
"2018-12-03 05:14:11,""b'@korantempo Ayuk pak, pakai helm. @TMCPoldaMetro @NTMCLantasPolri @DivHumas_Polri #DKIJakarta #jaktim #SafetyFirst https://t.co/d2OEysSf7r'""";
"2018-12-03 05:14:00,b'RT @DivHumas_Polri: Polri : Reuni 212 Berjalan Kondusif\n\n#PolriPromoter #PolriHumanis @PolriMultimedia https://t.co/dxWUJk96g5'";
"2018-12-03 05:13:48,""b""""@Beritasatu Polri jangan takut dong..!!\n@DivHumas_Polri\n\napakah..\n'equality before the law'\nhanya ada bila diadakan\xe2\x80\xa6 https://t.co/LiX7B4t6yW""""""";
"2018-12-03 05:13:01,b'@DivHumas_Polri @PolriMultimedia Percuma dilaporkan jika pelakunya pendukung pentahana. Mendem'";
"2018-12-03 05:12:24,b'RT @DivHumas_Polri: Polri : Reuni 212 Berjalan Kondusif\n\n#PolriPromoter #PolriHumanis @PolriMultimedia https://t.co/dxWUJk96g5'";
"2018-12-03 05:12:06,b'RT @duhmnas3: Terdeteksi Namanya  sisca rumondor. Suaminya alex rumondor. Non muslim. Nyaru pake jilbab \nex SMA 37 Jkt angk 86. Fikom Unpad\xe2\x80\xa6'";
"2018-12-03 05:11:27,b'RT @DivHumas_Polri: Hoax dan Ujaran Kebencian dapat mengancam persatuan \n\nLaporkan dan Janban Ikut Menyebarkan\n\n#PolriPromoter #PolriHumani\xe2\x80\xa6'";
"2018-12-03 05:11:04,b'RT @DivHumas_Polri: Polri : Reuni 212 Berjalan Kondusif\n\n#PolriPromoter #PolriHumanis @PolriMultimedia https://t.co/dxWUJk96g5'";
"2018-12-03 05:09:26,b'@DivHumas_Polri @haikal_hassan @PolriMultimedia Ha ha ha ha...skrg tw sendirikan hasilnya'";
"2018-12-03 05:09:04,b'RT @duhmnas3: Terdeteksi Namanya  sisca rumondor. Suaminya alex rumondor. Non muslim. Nyaru pake jilbab \nex SMA 37 Jkt angk 86. Fikom Unpad\xe2\x80\xa6'";
"2018-12-03 05:08:59,b'RT @duhmnas3: Terdeteksi Namanya  sisca rumondor. Suaminya alex rumondor. Non muslim. Nyaru pake jilbab \nex SMA 37 Jkt angk 86. Fikom Unpad\xe2\x80\xa6'";
"2018-12-03 05:08:57,b'@ndoro__Putri @baguscondromowo @jokowi Ke @DivHumas_Polri aja kali biar lebih aman / email : divhumas@polri.go.id \xf0\x9f\x91\x8d'";
"2018-12-03 05:08:38,b'@DivHumas_Polri @haikal_hassan @PolriMultimedia Kalkulator nya dah di Check up pak???'";
"2018-12-03 05:08:29,b'@MasOwi_ @DivHumas_Polri @PolriMultimedia memangnya ustad? \xf0\x9f\xa4\x94\xf0\x9f\xa4\x94\xf0\x9f\xa4\x94\xf0\x9f\xa4\x94'";
"2018-12-03 05:08:15,""b'@DivHumas_Polri @PolriMultimedia Andaikan laporan itu di proses alangkah indahnya negriku ,. Bersih dari orang2 pro\xe2\x80\xa6 https://t.co/ohzEnO0xP6'""";
"2018-12-03 05:07:40,""b'@DivHumas_Polri @PolriMultimedia Baru mau saya puji pak, eh otaknya gak dipake lagi. Angka aja bohong, pantes kasus\xe2\x80\xa6 https://t.co/vMuD2c05LP'""";
"2018-12-03 05:07:34,""b'Biar aja, ngeklaim sedikit, tapi banyak, drpd ngeklaim banyak tapi sedikit ky cebong. Keberpihakan @DivHumas_Polri https://t.co/FPkQy6aA38'""";
"2018-12-03 05:06:58,""b'@ferisurya15 @JsRachman @CNNIndonesia @DivHumas_Polri klo mmg gk mau bw agama utk.politik,wakil junjunganmu jgn pilih kiai ..'""";
"2018-12-03 05:05:54,b'RT @DivHumas_Polri: Polri : Reuni 212 Berjalan Kondusif\n\n#PolriPromoter #PolriHumanis @PolriMultimedia https://t.co/dxWUJk96g5'";
"2018-12-03 05:05:35,b'Pada tanggal 1 Desember hingga pukul 11.00 WIB Napi yang kabur dari LP Kelas II A sebanyak 113 orang baru berhasil\xe2\x80\xa6 https://t.co/bVrL3lhjgo'";
"2018-12-03 05:05:28,b'RT @duhmnas3: Terdeteksi Namanya  sisca rumondor. Suaminya alex rumondor. Non muslim. Nyaru pake jilbab \nex SMA 37 Jkt angk 86. Fikom Unpad\xe2\x80\xa6'";
"2018-12-03 05:04:46,b'@DivHumas_Polri @haikal_hassan @PolriMultimedia Kalaupun ada aksi anarkis pasti dari orang yang terang2an ingin menggagalkan reuni 212'";
"2018-12-03 05:04:27,""b'@PolriMultimedia @syaefulloh73 @DivHumas_Polri Selamat siang,pak/bu. jika stnk tinggal ketika di tilang apa bisa pu\xe2\x80\xa6 https://t.co/XWBQ5VXY9J'""";
"2018-12-03 05:04:26,b'@DivHumas_Polri @haikal_hassan @PolriMultimedia Alhamdulillah berjalan lancar dan terimakasih'";
"2018-12-03 05:04:19,b'RT @DivHumas_Polri: Polri : Reuni 212 Berjalan Kondusif\n\n#PolriPromoter #PolriHumanis @PolriMultimedia https://t.co/dxWUJk96g5'";
"2018-12-03 05:03:35,b'@DivHumas_Polri @PolriMultimedia hitungan 40rb menandakan polisi tidak bisa menghitung secara akurat bilamana ada k\xe2\x80\xa6 https://t.co/37kD4ISgm3'";
"2018-12-03 05:03:30,""b'RT @fahiraidris: Mantap Pak Wakapolsek Minahasa Utara, Kauditan Ipda L. Hadi Purwanto. Semangat kepolisian menyelamatkan anak bangsa dari b\xe2\x80\xa6'""";
"2018-12-03 05:03:28,b'RT @DivHumas_Polri: Polri : Reuni 212 Berjalan Kondusif\n\n#PolriPromoter #PolriHumanis @PolriMultimedia https://t.co/dxWUJk96g5'";
"2018-12-03 05:03:10,b'@DivHumas_Polri @PolriMultimedia Ente t yg nge hoax pak. 8 jt dibilang 40rb.'";
"2018-12-03 05:02:45,b'@DivHumas_Polri @PolriMultimedia Bisa di update info progress laporan hoax dari pihak oposisi Min?'";
"2018-12-03 05:02:38,b'RT @duhmnas3: Terdeteksi Namanya  sisca rumondor. Suaminya alex rumondor. Non muslim. Nyaru pake jilbab \nex SMA 37 Jkt angk 86. Fikom Unpad\xe2\x80\xa6'";
"2018-12-03 05:02:11,b'@RinjaniJB BUAT GUE @DivHumas_Polri\n@tribratanews @CCICPolri\nDI SELURUH NKRI \xf0\x9f\x87\xae\xf0\x9f\x87\xa9  itu \xf0\x9f\x91\x87\xf0\x9f\x91\x87\xf0\x9f\x91\x87\xf0\x9f\x91\x87\xf0\x9f\x91\x87\xf0\x9f\x91\x87\xf0\x9f\x91\x87\xf0\x9f\x91\x87\xf0\x9f\x91\x87\xf0\x9f\x91\x87\xf0\x9f\x91\x87\xf0\x9f\x91\x87 dan gue juga SAMA\xe2\x80\xa6 https://t.co/Zg3Sj7GJuJ'";
"2018-12-03 05:01:57,b'RT @duhmnas3: Terdeteksi Namanya  sisca rumondor. Suaminya alex rumondor. Non muslim. Nyaru pake jilbab \nex SMA 37 Jkt angk 86. Fikom Unpad\xe2\x80\xa6'";
"2018-12-03 05:01:40,""b'RT @Ecko_Jakarta87: @DivHumas_Polri @haikal_hassan @PolriMultimedia Mungkin yang dimaksud 40rb peserta itu TNI POLRI,  tapi gak apalah yang\xe2\x80\xa6'""";
"2018-12-03 05:01:36,""b'RT @RabbaniProjects: Kami, umat Islam tidak butuh juga penilaian soal jumlah dari kepolisian. \n\nBiarlah dunia internasional menyaksikan kei\xe2\x80\xa6'""";
"2018-12-03 05:01:35,b'RT @amrullah_sk: Sebar dan VIRAL kan\n\nKAPITRA  bilang  Jamaah  Reuni 212  dapat  uang saku 100 ribu per kepala\n\ngemes  bener  sama manusia\xe2\x80\xa6'";
"2018-12-03 05:01:17,""b'@Dennysiregar7 @jokowi @DivHumas_Polri Ya udah samperin ajj sich, elukan pinter (kata elu sendiri), badan elo juga\xe2\x80\xa6 https://t.co/vHuaYc6c4V'""";
"2018-12-03 05:01:12,b'@a_alex67 @DivHumas_Polri @haikal_hassan @PolriMultimedia Tumben tu org lempeng pikirannya.. \xf0\x9f\x98\x84'";
"2018-12-03 05:00:58,b'RT @DivHumas_Polri: Polri : Reuni 212 Berjalan Kondusif\n\n#PolriPromoter #PolriHumanis @PolriMultimedia https://t.co/dxWUJk96g5'";
"2018-12-03 05:00:38,b'Seandainya bikin SIM semudah dan semurah bikin paspor. Cc. @DivHumas_Polri'";
"2018-12-03 04:59:56,b'RT @DivHumas_Polri: Polri : Reuni 212 Berjalan Kondusif\n\n#PolriPromoter #PolriHumanis @PolriMultimedia https://t.co/dxWUJk96g5'";
"2018-12-03 04:59:51,b'@DivHumas_Polri @PolriMultimedia Dibilang 3 ribu juga woles ... santai saja...'";
"2018-12-03 04:59:40,b'RT @HumasPoldaAceh: Pada tanggal 1 Desember hingga pukul 11.00 WIB Napi yang kabur dari LP Kelas II A sebanyak 113 orang baru berhasil dita\xe2\x80\xa6'";
"2018-12-03 04:59:20,""b'RT @fahiraidris: Mantap Pak Wakapolsek Minahasa Utara, Kauditan Ipda L. Hadi Purwanto. Semangat kepolisian menyelamatkan anak bangsa dari b\xe2\x80\xa6'""";
"2018-12-03 04:58:57,b'RT @duhmnas3: Terdeteksi Namanya  sisca rumondor. Suaminya alex rumondor. Non muslim. Nyaru pake jilbab \nex SMA 37 Jkt angk 86. Fikom Unpad\xe2\x80\xa6'";
"2018-12-03 04:58:03,b'RT @DivHumas_Polri: Polri : Reuni 212 Berjalan Kondusif\n\n#PolriPromoter #PolriHumanis @PolriMultimedia https://t.co/dxWUJk96g5'";
"2018-12-03 04:57:47,b'Pada tanggal 1 Desember hingga pukul 11.00 WIB Napi yang kabur dari LP Kelas II A sebanyak 113 orang baru berhasil\xe2\x80\xa6 https://t.co/ecKTyCWSVb'";
"2018-12-03 04:57:35,b'RT @duhmnas3: Terdeteksi Namanya  sisca rumondor. Suaminya alex rumondor. Non muslim. Nyaru pake jilbab \nex SMA 37 Jkt angk 86. Fikom Unpad\xe2\x80\xa6'";
"2018-12-03 04:56:52,""b'@DivHumas_Polri @PolriMultimedia mohon maklum,, maksudnya jangan.. """"jangan 8 juta peserta"""" tapi bilang 40 ribu peserta saja'""";
"2018-12-03 04:56:37,b'@DivHumas_Polri @haikal_hassan @PolriMultimedia @jokowi @DivHumas_Polri tolong di usut ada penyebar hoax.'";
"2018-12-03 04:56:26,b'RT @DivHumas_Polri: Polri : Reuni 212 Berjalan Kondusif\n\n#PolriPromoter #PolriHumanis @PolriMultimedia https://t.co/dxWUJk96g5'";
"2018-12-03 04:55:11,""b'RT @pedjoeang_islam: Mubahalah Buni Yani. Tolong sebarkan seluas-luasnya kepada seluruh rakyat Indonesia agar sampe kepada para buzzer, pol\xe2\x80\xa6'""";
"2018-12-03 04:55:01,b'@DivHumas_Polri @haikal_hassan @PolriMultimedia Kenapa polri makin jadi begini dungunya?'";
"2018-12-03 04:54:55,b'Pada tanggal 1 Desember hingga pukul 11.00 WIB Napi yang kabur dari LP Kelas II A sebanyak 113 orang baru berhasil\xe2\x80\xa6 https://t.co/26UiDnYKyw'";
"2018-12-03 04:54:46,""b'@DivHumas_Polri @haikal_hassan @PolriMultimedia Nih 1 orang pak, eh 2 sama yg moto.. \xf0\x9f\x98\x81 https://t.co/vNW416gfV3'""";
"2018-12-03 04:54:35,b'@DivHumas_Polri @PolriMultimedia masuk kategori hoax kagak nih pak..  \nkatanya menghimbau untuk menghindari hoax'";
"2018-12-03 04:54:24,b'RT @DivHumas_Polri: Polri : Reuni 212 Berjalan Kondusif\n\n#PolriPromoter #PolriHumanis @PolriMultimedia https://t.co/dxWUJk96g5'";
"2018-12-03 04:54:24,b'RT @DivHumas_Polri: Polri : Reuni 212 Berjalan Kondusif\n\n#PolriPromoter #PolriHumanis @PolriMultimedia https://t.co/dxWUJk96g5'";
"2018-12-03 04:54:16,b'RT @DivHumas_Polri: Hoax dan Ujaran Kebencian dapat mengancam persatuan \n\nLaporkan dan Janban Ikut Menyebarkan\n\n#PolriPromoter #PolriHumani\xe2\x80\xa6'";
"2018-12-03 04:54:12,""b'RT @RabbaniProjects: Kami, umat Islam tidak butuh juga penilaian soal jumlah dari kepolisian. \n\nBiarlah dunia internasional menyaksikan kei\xe2\x80\xa6'""";
"2018-12-03 04:53:54,b'RT @duhmnas3: Terdeteksi Namanya  sisca rumondor. Suaminya alex rumondor. Non muslim. Nyaru pake jilbab \nex SMA 37 Jkt angk 86. Fikom Unpad\xe2\x80\xa6'";
"2018-12-03 04:53:46,b'RT @DivHumas_Polri: Polri : Reuni 212 Berjalan Kondusif\n\n#PolriPromoter #PolriHumanis @PolriMultimedia https://t.co/dxWUJk96g5'";
"2018-12-03 04:53:32,b'@DivHumas_Polri @haikal_hassan @PolriMultimedia 10 JUTA ORANG PAK. dan makin bertambah jika terus begini.'";
"2018-12-03 04:53:32,b'@DivHumas_Polri @haikal_hassan @PolriMultimedia ngakak.....\xf0\x9f\x98\x82\xf0\x9f\x98\x82\xf0\x9f\x98\x82 jd jelas siapa penebar hoax sesungguhnya...'";
"2018-12-03 04:53:25,b'RT @DivHumas_Polri: Menjaga Persatuan Untuk NKRI\n\nMari wujudkan Pileg dan Pilpres 2019 Aman Damai dan Sejuk\n\n#PolriPromoter #PolriHumanis @\xe2\x80\xa6'";
"2018-12-03 04:53:01,b'RT @duhmnas3: Terdeteksi Namanya  sisca rumondor. Suaminya alex rumondor. Non muslim. Nyaru pake jilbab \nex SMA 37 Jkt angk 86. Fikom Unpad\xe2\x80\xa6'";
"2018-12-03 04:52:32,b'RT @DivHumas_Polri: Hoax dan Ujaran Kebencian dapat mengancam persatuan \n\nLaporkan dan Janban Ikut Menyebarkan\n\n#PolriPromoter #PolriHumani\xe2\x80\xa6'";
"2018-12-03 04:51:38,b'@DivHumas_Polri @PolriMultimedia Typo janban ** mungkin jangan y min ?'";
"2018-12-03 04:51:06,b'@DivHumas_Polri @PolriMultimedia Di ulang lagi pak..moso janban..#jangan mksdnya kan..\xf0\x9f\x99\x82\nSalam..\xf0\x9f\x99\x8f\xf0\x9f\x99\x8f\xf0\x9f\x99\x82'";
"2018-12-03 04:50:27,b'@DivHumas_Polri @PolriMultimedia Tolong ustad abu janda jua dipantau pak'";
"2018-12-03 04:50:24,b'RT @duhmnas3: Terdeteksi Namanya  sisca rumondor. Suaminya alex rumondor. Non muslim. Nyaru pake jilbab \nex SMA 37 Jkt angk 86. Fikom Unpad\xe2\x80\xa6'";
"2018-12-03 04:50:21,b'RT @duhmnas3: Terdeteksi Namanya  sisca rumondor. Suaminya alex rumondor. Non muslim. Nyaru pake jilbab \nex SMA 37 Jkt angk 86. Fikom Unpad\xe2\x80\xa6'";
"2018-12-03 04:49:38,b'RT @duhmnas3: Terdeteksi Namanya  sisca rumondor. Suaminya alex rumondor. Non muslim. Nyaru pake jilbab \nex SMA 37 Jkt angk 86. Fikom Unpad\xe2\x80\xa6'";
"2018-12-03 04:49:25,b'RT @DivHumas_Polri: Polri : Reuni 212 Berjalan Kondusif\n\n#PolriPromoter #PolriHumanis @PolriMultimedia https://t.co/dxWUJk96g5'";
"2018-12-03 04:48:44,b'RT @DivHumas_Polri: Polri : Reuni 212 Berjalan Kondusif\n\n#PolriPromoter #PolriHumanis @PolriMultimedia https://t.co/dxWUJk96g5'";
"2018-12-03 04:48:31,b'RT @DivHumas_Polri: Hoax dan Ujaran Kebencian dapat mengancam persatuan \n\nLaporkan dan Janban Ikut Menyebarkan\n\n#PolriPromoter #PolriHumani\xe2\x80\xa6'";
"2018-12-03 04:47:58,b'@DivHumas_Polri @PolriMultimedia Jadi yang hadir brp ndan? \xf0\x9f\x98\x80'";
"2018-12-03 04:47:46,b'RT @DivHumas_Polri: Hoax dan Ujaran Kebencian dapat mengancam persatuan \n\nLaporkan dan Janban Ikut Menyebarkan\n\n#PolriPromoter #PolriHumani\xe2\x80\xa6'";
"2018-12-03 04:47:42,b'RT @Ardhan_syahil: Bahar habib geblek ini malah menantang @DivHumas_Polri tolong ditindak lanjuti orang ini dan tegakan hukum pada siapa sa\xe2\x80\xa6'";
"2018-12-03 04:47:12,b'RT @DivHumas_Polri: Polri : Reuni 212 Berjalan Kondusif\n\n#PolriPromoter #PolriHumanis @PolriMultimedia https://t.co/dxWUJk96g5'";
"2018-12-03 04:47:12,b'@DivHumas_Polri @haikal_hassan @PolriMultimedia Salah kerik kali pak buk @DivHumas_Polri \nItu cuma 4 ribu orang kok\xe2\x80\xa6 https://t.co/Ht9ItYE0C6'";
"2018-12-03 04:46:33,b'@DivHumas_Polri @haikal_hassan @PolriMultimedia Hahaha.... 40ribu.. masa sih pak???'";
"2018-12-03 04:46:28,b'RT @duhmnas3: Terdeteksi Namanya  sisca rumondor. Suaminya alex rumondor. Non muslim. Nyaru pake jilbab \nex SMA 37 Jkt angk 86. Fikom Unpad\xe2\x80\xa6'";
"2018-12-03 04:46:10,""b'RT @EndjahH: Percayalah pak Polisi, Umat Islam itu umat yang tinggi peradaban nya, Jangankan Keamanan NKRI, Rumput dan Taman di Monas saja\xe2\x80\xa6'""";
"2018-12-03 04:45:56,""b'RT @fahiraidris: Mantap Pak Wakapolsek Minahasa Utara, Kauditan Ipda L. Hadi Purwanto. Semangat kepolisian menyelamatkan anak bangsa dari b\xe2\x80\xa6'""";
"2018-12-03 04:45:36,""b'RT @fahiraidris: Mantap Pak Wakapolsek Minahasa Utara, Kauditan Ipda L. Hadi Purwanto. Semangat kepolisian menyelamatkan anak bangsa dari b\xe2\x80\xa6'""";
"2018-12-03 04:44:53,""b'RT @Aizilfahriza: @DivHumas_Polri @PolriMultimedia Polisi sekarang harus belajar menghitung kejujuran ini, waktu masuk kepolisian harus dit\xe2\x80\xa6'""";
"2018-12-03 04:44:43,b'RT @RestyCayah: Cebong mulai beraksi dgn hoaxnya menfitnah reuni 212  . \nAda tanggapan min @DivHumas_Polri ? \n\n#ReuniAkbar212diMonas https:\xe2\x80\xa6'";
"2018-12-03 04:44:20,""b'RT @fahiraidris: Mantap Pak Wakapolsek Minahasa Utara, Kauditan Ipda L. Hadi Purwanto. Semangat kepolisian menyelamatkan anak bangsa dari b\xe2\x80\xa6'""";
"2018-12-03 04:44:14,""b'RT @fahiraidris: Mantap Pak Wakapolsek Minahasa Utara, Kauditan Ipda L. Hadi Purwanto. Semangat kepolisian menyelamatkan anak bangsa dari b\xe2\x80\xa6'""";
"2018-12-03 04:43:56,""b'RT @hiutwit: @Gemacan70 @yan_tanuwidjaya @DivHumas_Polri Ini juga nih media penyebar HOAX, katanya itu Al Jazera. \n\nDi tipi2 Indo aja gak a\xe2\x80\xa6'""";
"2018-12-03 04:43:51,b'@DivHumas_Polri @Zamanimarwan1 @PolriMultimedia Tega banget pak ngitungnya \nterserah deh...'";
"2018-12-03 04:43:51,""b'@anna_suezann @duhmnas3 @DivHumas_Polri @BareskrimPolri @LembagaF Klo berniat jahat, pasti penuh ketakutan. Itu aksioma'""";
"2018-12-03 04:43:48,b'RT @duhmnas3: Terdeteksi Namanya  sisca rumondor. Suaminya alex rumondor. Non muslim. Nyaru pake jilbab \nex SMA 37 Jkt angk 86. Fikom Unpad\xe2\x80\xa6'";
"2018-12-03 04:43:34,b'@DivHumas_Polri @haikal_hassan @PolriMultimedia Yakin pak kemarin cm 40 ribu .. https://t.co/33r3niP5qr'";
"2018-12-03 04:43:31,""b'RT @hiutwit: @Gemacan70 @yan_tanuwidjaya @DivHumas_Polri mungkin benar, klo peserta reuni 212 hanya sekitar 40 ribu,\n\nTolong diusut penyeba\xe2\x80\xa6'""";
"2018-12-03 04:42:54,b'RT @DivHumas_Polri: Polri : Reuni 212 Berjalan Kondusif\n\n#PolriPromoter #PolriHumanis @PolriMultimedia https://t.co/dxWUJk96g5'";
"2018-12-03 04:42:40,b'RT @aguoes13: Kan kemarin saya sdh ngomong bang @syahdan kalau @DivHumas_Polri aga ngeri-ngeri sedap tangkap nich orang..soal nya Kapolri n\xe2\x80\xa6'";
"2018-12-03 04:42:27,b'RT @radikalem: 1. @DivHumas_Polri : reuni 212 dihadiri 40K\n\n2. Panglima @Puspen_TNI @TjahjantoHadi : Apel siaga kerahkan 43K\n\n*melihat foto\xe2\x80\xa6'";
"2018-12-03 04:42:25,b'RT @duhmnas3: Terdeteksi Namanya  sisca rumondor. Suaminya alex rumondor. Non muslim. Nyaru pake jilbab \nex SMA 37 Jkt angk 86. Fikom Unpad\xe2\x80\xa6'";
"2018-12-03 04:42:10,b'RT @duhmnas3: Terdeteksi Namanya  sisca rumondor. Suaminya alex rumondor. Non muslim. Nyaru pake jilbab \nex SMA 37 Jkt angk 86. Fikom Unpad\xe2\x80\xa6'";
"2018-12-03 04:41:41,b'RT @duhmnas3: Terdeteksi Namanya  sisca rumondor. Suaminya alex rumondor. Non muslim. Nyaru pake jilbab \nex SMA 37 Jkt angk 86. Fikom Unpad\xe2\x80\xa6'";
"2018-12-03 04:41:38,b'RT @DivHumas_Polri: Kapolda DIY Buka Kejurda INKANAS 2018 di Sleman\n\n#PolriPromoter #PolriHumanis @PolriMultimedia https://t.co/9UwHseN1fF'";
"2018-12-03 04:41:00,b'@DivHumas_Polri @PolriMultimedia Mungkin typo y pak... keterangan dalam fotonya'";
"2018-12-03 04:40:42,b'@DivHumas_Polri @haikal_hassan @PolriMultimedia Hah... 4rb peserta? Tolong kasih tau metode berhitungnya min\xf0\x9f\x98\x82'";
"2018-12-03 04:40:36,b'RT @DivHumas_Polri: Polri : Reuni 212 Berjalan Kondusif\n\n#PolriPromoter #PolriHumanis @PolriMultimedia https://t.co/dxWUJk96g5'";
"2018-12-03 04:40:21,b'RT @DivHumas_Polri: Polri : Reuni 212 Berjalan Kondusif\n\n#PolriPromoter #PolriHumanis @PolriMultimedia https://t.co/dxWUJk96g5'";
"2018-12-03 04:39:37,b'@DivHumas_Polri @haikal_hassan @PolriMultimedia parah bener.caranya ngitung\xf0\x9f\x91\x8e\nApakah mereka netral??'";
"2018-12-03 04:38:56,b'@DivHumas_Polri @haikal_hassan @PolriMultimedia 8 juta kok d bilang 40 rrbu. Hehe atau 40 rb it jumlah aparat nya'";
"2018-12-03 04:38:40,b'RT @duhmnas3: Terdeteksi Namanya  sisca rumondor. Suaminya alex rumondor. Non muslim. Nyaru pake jilbab \nex SMA 37 Jkt angk 86. Fikom Unpad\xe2\x80\xa6'";
"2018-12-03 04:38:35,b'@duhmnas3 @SukaBasaBasi @DivHumas_Polri @BareskrimPolri @LembagaF @anna_suezann Kecebong betina'";
"2018-12-03 04:38:34,b'RT @duhmnas3: Terdeteksi Namanya  sisca rumondor. Suaminya alex rumondor. Non muslim. Nyaru pake jilbab \nex SMA 37 Jkt angk 86. Fikom Unpad\xe2\x80\xa6'";
"2018-12-03 04:38:25,b'RT @duhmnas3: Terdeteksi Namanya  sisca rumondor. Suaminya alex rumondor. Non muslim. Nyaru pake jilbab \nex SMA 37 Jkt angk 86. Fikom Unpad\xe2\x80\xa6'";
"2018-12-03 04:38:23,b'RT @donjuansugih: @DivHumas_Polri @PolriMultimedia Hayyo..pak polisi.. masa 40rb.. apa mungkin ngitungnya pas hari jumat ya.. saat panggung\xe2\x80\xa6'";
"2018-12-03 04:38:19,b'RT @nurmuh_awan: @DivHumas_Polri @PolriMultimedia Kasian bintara dikampung2 pak wibawa mereka jd ilang dimata kami kalau ngitung aja kaya g\xe2\x80\xa6'";
"2018-12-03 04:38:04,b'RT @duhmnas3: Terdeteksi Namanya  sisca rumondor. Suaminya alex rumondor. Non muslim. Nyaru pake jilbab \nex SMA 37 Jkt angk 86. Fikom Unpad\xe2\x80\xa6'";
"2018-12-03 04:38:03,b'RT @dewojono19: @DivHumas_Polri @PolriMultimedia Senjata makan tuan....ngajak2 jgn sebar berita bohong eehhh ternyata kasih contoh beri dat\xe2\x80\xa6'";
"2018-12-03 04:37:53,""b'RT @wedy_dmm: @DivHumas_Polri @PolriMultimedia 40.000 peserta? \nCm 12 peserta koq. \nGk usah di tambah2in...\xf0\x9f\x98\x85\xf0\x9f\x98\x85\xf0\x9f\x98\x85\n\nSekolah tinggi2, ngitung vo\xe2\x80\xa6'""";
"2018-12-03 04:37:52,""b'RT @wedy_dmm: @DivHumas_Polri @PolriMultimedia 40.000 peserta? \nCm 12 peserta koq. \nGk usah di tambah2in...\xf0\x9f\x98\x85\xf0\x9f\x98\x85\xf0\x9f\x98\x85\n\nSekolah tinggi2, ngitung vo\xe2\x80\xa6'""";
"2018-12-03 04:37:46,""b'RT @TeukuKhamil: @DivHumas_Polri @PolriMultimedia Terima kasih @DivHumas_Polri, saran saya mendingan Twit ini dihapus angkanya. Kasihan tem\xe2\x80\xa6'""";
"2018-12-03 04:37:27,""b'RT @akhmadd82: @DivHumas_Polri @haikal_hassan @PolriMultimedia gimana sih jumlah pengamanan 50 rb, peserta 40 rb, ahhhh saya tau pasti apar\xe2\x80\xa6'""";
"2018-12-03 04:37:25,""b'RT @akhmadd82: @DivHumas_Polri @haikal_hassan @PolriMultimedia tunggu, saya paham yang 10 juta itu pasti aparat keamanan smua yah min? oh p\xe2\x80\xa6'""";
"2018-12-03 04:36:52,b'1. @DivHumas_Polri : reuni 212 dihadiri 40K\n\n2. Panglima @Puspen_TNI @TjahjantoHadi : Apel siaga kerahkan 43K\n\n*mel\xe2\x80\xa6 https://t.co/hAX4BxhSq8'";
"2018-12-03 04:36:50,b'RT @RBintang18: @DivHumas_Polri @PolriMultimedia Pgen ktwa tapi takut dosa....40rb...wkwkwk yg mengamnkan brapa pak...\xf0\x9f\x98\x82\xf0\x9f\x98\x82\xf0\x9f\x98\x82'";
"2018-12-03 04:36:44,b'RT @massalahudin: @DivHumas_Polri @haikal_hassan @PolriMultimedia Iya iya iya 40rb peserta \xf0\x9f\x98\x82\xf0\x9f\x98\x82\xf0\x9f\x98\x82\nPersonel gabungan yg diturunkan kan juga cum\xe2\x80\xa6'";
"2018-12-03 04:36:33,b'RT @amattudin: @DivHumas_Polri @PolriMultimedia Pak pol kta ya harus pake data klo ngomong. Ga boleh hoax\nLah itu 40rb yg di hitung yg mana\xe2\x80\xa6'";
"2018-12-03 04:36:30,""b'RT @MasHerSJP1: @lumajang_kab\n@cicpoldajatim\n@HumasPoldaJatim\n@DivHumas_Polri\nGerah Marak Pencurian Sapi, Kapolres Lumajang Ambil Sikap Teg\xe2\x80\xa6'""";
"2018-12-03 04:36:27,b'RT @Masgondobinruwo: @P3nj3l4j4h @Airin_NZ Tak usah gentar pak pol @DivHumas_Polri Rakyat mendukung Bahar di Kandang kan'";
"2018-12-03 04:36:22,b'@Ferdinand_Haean @MaskuMasku1 @salendra18 @bawaslu_RI mungkin cuitan dan dasar ini bisa dijadikan dasar pemeriksaan? Cc: @DivHumas_Polri'";
"2018-12-03 04:36:22,""b'\xe2\x9c\x85Terbuktikan acara reuni 212, kampanye Prabowo-Sandi.\n\xe2\x9c\x85Dalih agama, kalau otak sudah diisi dg kotoran, apa pun yg d\xe2\x80\xa6 https://t.co/RXi70AsEeK'""";
"2018-12-03 04:36:00,""b'@DivHumas_Polri @PolriMultimedia Ya iya lah pak pasti kondusif, dari tahun 2016 juga begitu. \nMungkin berbeda jika\xe2\x80\xa6 https://t.co/KCslrkYlIP'""";
"2018-12-03 04:35:34,b'@DivHumas_Polri @PolriMultimedia LAGU INDONESIA RAYA BERGEMA DI SELURUH SEKITARAN MONAS!!!\nMERINDING .....AKU \nApa\xe2\x80\xa6 https://t.co/ytgSuOXAvw'";
"2018-12-03 04:34:58,b'RT @DivHumas_Polri: Polri : Reuni 212 Berjalan Kondusif\n\n#PolriPromoter #PolriHumanis @PolriMultimedia https://t.co/dxWUJk96g5'";
"2018-12-03 04:34:36,b'RT @duhmnas3: Terdeteksi Namanya  sisca rumondor. Suaminya alex rumondor. Non muslim. Nyaru pake jilbab \nex SMA 37 Jkt angk 86. Fikom Unpad\xe2\x80\xa6'";
